endpoint_type,master_uuid,instance_uuid,participant_user_email,participant_name,participant_id,participant_join_time,participant_leave_time,participant_duration,participant_is_internal?,participant_join_time_utc,participant_leave_time_utc
Webinar,1b4b3a19-b1ce-49a5-9c51-98c6f5fa35cf,33830a85-6f15-4d25-8080-e170720b268a,internal_9@theinformationlab.co.uk,internal_9,QHMTVVCaREyneGz1BQu_rg,25/06/2020 09:47,25/06/2020 10:52,3870,TRUE,25/06/2020 08:47,25/06/2020 09:52
Webinar,1b4b3a19-b1ce-49a5-9c51-98c6f5fa35cf,33830a85-6f15-4d25-8080-e170720b268a,internal_8@theinformationlab.co.uk,internal_8,TXMYGrr8TK2_afumIfgXrA,25/06/2020 09:48,25/06/2020 10:52,3859,TRUE,25/06/2020 08:48,25/06/2020 09:52
Webinar,1b4b3a19-b1ce-49a5-9c51-98c6f5fa35cf,33830a85-6f15-4d25-8080-e170720b268a,internal_2@theinformationlab.co.uk,internal_2,ixrIXvnkStaaA4GQwLtnTw,25/06/2020 10:05,25/06/2020 10:15,564,TRUE,25/06/2020 09:05,25/06/2020 09:15
Webinar,1b4b3a19-b1ce-49a5-9c51-98c6f5fa35cf,33830a85-6f15-4d25-8080-e170720b268a,tgiannazzi2t@chron.com,Tyne Giannazzi,iqxcOdVAQQiYEIoaL7Cj3w,25/06/2020 10:00,25/06/2020 10:52,3095,FALSE,25/06/2020 09:00,25/06/2020 09:52
Webinar,1b4b3a19-b1ce-49a5-9c51-98c6f5fa35cf,33830a85-6f15-4d25-8080-e170720b268a,gstreatley2u@yahoo.co.jp,Gib Streatley,URQJtmqbRJm0-kNf7VV7fg,25/06/2020 10:00,25/06/2020 10:52,3094,FALSE,25/06/2020 09:00,25/06/2020 09:52
Webinar,1b4b3a19-b1ce-49a5-9c51-98c6f5fa35cf,33830a85-6f15-4d25-8080-e170720b268a,leagan2v@deviantart.com,Lanie Eagan,#NAME?,25/06/2020 10:00,25/06/2020 10:43,2536,FALSE,25/06/2020 09:00,25/06/2020 09:43
Webinar,1b4b3a19-b1ce-49a5-9c51-98c6f5fa35cf,33830a85-6f15-4d25-8080-e170720b268a,pyakobovicz2w@jiathis.com,Peta Yakobovicz,9YlohiXTQKCfveF5nMp9lw,25/06/2020 10:38,25/06/2020 10:52,851,FALSE,25/06/2020 09:38,25/06/2020 09:52
Webinar,1b4b3a19-b1ce-49a5-9c51-98c6f5fa35cf,33830a85-6f15-4d25-8080-e170720b268a,cmcguiney2x@skyrock.com,Corbin McGuiney,LtSEQblASy6_VUa-lF7Kaw,25/06/2020 10:11,25/06/2020 10:52,2481,FALSE,25/06/2020 09:11,25/06/2020 09:52
Webinar,1b4b3a19-b1ce-49a5-9c51-98c6f5fa35cf,33830a85-6f15-4d25-8080-e170720b268a,hmayell2y@seesaa.net,Heall Mayell,FkttE7cLQxuuj-B9NAZxwQ,25/06/2020 10:02,25/06/2020 10:52,1109,FALSE,25/06/2020 09:02,25/06/2020 09:52
Webinar,1b4b3a19-b1ce-49a5-9c51-98c6f5fa35cf,33830a85-6f15-4d25-8080-e170720b268a,rtorrejon2z@cisco.com,Reggie Torrejon,jMCV_UYMTpCtfyCzPbPFlg,25/06/2020 10:00,25/06/2020 10:52,3092,FALSE,25/06/2020 09:00,25/06/2020 09:52
Webinar,1b4b3a19-b1ce-49a5-9c51-98c6f5fa35cf,33830a85-6f15-4d25-8080-e170720b268a,ksuttell30@elpais.com,Kendricks Suttell,9eGYBfh0RIioLvNB-9NGog,25/06/2020 10:00,25/06/2020 10:51,3089,FALSE,25/06/2020 09:00,25/06/2020 09:51
Webinar,1b4b3a19-b1ce-49a5-9c51-98c6f5fa35cf,33830a85-6f15-4d25-8080-e170720b268a,ecoole31@bizjournals.com,Esdras Coole,iW0BXIwLTmSYYyEylusARA,25/06/2020 10:29,25/06/2020 10:52,1113,FALSE,25/06/2020 09:29,25/06/2020 09:52
Webinar,1b4b3a19-b1ce-49a5-9c51-98c6f5fa35cf,33830a85-6f15-4d25-8080-e170720b268a,psuerz32@senate.gov,Paige Suerz,uXJJc7ZXQIuImVbX3E61UA,25/06/2020 10:08,25/06/2020 10:43,2137,FALSE,25/06/2020 09:08,25/06/2020 09:43
Webinar,1b4b3a19-b1ce-49a5-9c51-98c6f5fa35cf,33830a85-6f15-4d25-8080-e170720b268a,kcarnduff33@cdc.gov,King Carnduff,za0WOfhsTAWUi0kV9DNTuA,25/06/2020 10:21,25/06/2020 10:51,1828,FALSE,25/06/2020 09:21,25/06/2020 09:51
Webinar,1b4b3a19-b1ce-49a5-9c51-98c6f5fa35cf,33830a85-6f15-4d25-8080-e170720b268a,lchafer34@senate.gov,Lavinie Chafer,58YgX4COQ5CW3t1Wd-_fiw,25/06/2020 10:00,25/06/2020 10:41,2487,FALSE,25/06/2020 09:00,25/06/2020 09:41
Webinar,1b4b3a19-b1ce-49a5-9c51-98c6f5fa35cf,33830a85-6f15-4d25-8080-e170720b268a,nbloss35@ted.com,Noland Bloss,0bscu3CTQ8i6JJK2A4BXZw,25/06/2020 10:00,25/06/2020 10:52,3098,FALSE,25/06/2020 09:00,25/06/2020 09:52
Webinar,1b4b3a19-b1ce-49a5-9c51-98c6f5fa35cf,33830a85-6f15-4d25-8080-e170720b268a,rspriggen36@baidu.com,Rasia Spriggen,xU_YXGi3SqiibVUKvugJ4w,25/06/2020 10:24,25/06/2020 10:52,1698,FALSE,25/06/2020 09:24,25/06/2020 09:52
Webinar,1b4b3a19-b1ce-49a5-9c51-98c6f5fa35cf,33830a85-6f15-4d25-8080-e170720b268a,skopelman37@bloomberg.com,Symon Kopelman,HUKDIh7UQvOCNI3-aBD4vg,25/06/2020 10:03,25/06/2020 10:52,2916,FALSE,25/06/2020 09:03,25/06/2020 09:52
Webinar,1b4b3a19-b1ce-49a5-9c51-98c6f5fa35cf,33830a85-6f15-4d25-8080-e170720b268a,bred38@tinypic.com,Bridget Red,6gMpI1IiQ42ggEjxy2JjaA,25/06/2020 10:00,25/06/2020 10:52,3102,FALSE,25/06/2020 09:00,25/06/2020 09:52
Webinar,1b4b3a19-b1ce-49a5-9c51-98c6f5fa35cf,33830a85-6f15-4d25-8080-e170720b268a,midwal39@wikispaces.com,Mohammed Idwal Evans,q5MHtWW0QdqUfd44z7AnKw,25/06/2020 10:03,25/06/2020 10:52,2903,FALSE,25/06/2020 09:03,25/06/2020 09:52
Webinar,1b4b3a19-b1ce-49a5-9c51-98c6f5fa35cf,33830a85-6f15-4d25-8080-e170720b268a,rmars3a@epa.gov,Randolf Mars,SQpDprsnS2GYwgY07V06Gw,25/06/2020 10:00,25/06/2020 10:52,3110,FALSE,25/06/2020 09:00,25/06/2020 09:52
Webinar,1b4b3a19-b1ce-49a5-9c51-98c6f5fa35cf,33830a85-6f15-4d25-8080-e170720b268a,epetegre3b@dedecms.com,Ebonee Petegre,h1qGPzVpSrmq6o4lT2mGcQ,25/06/2020 10:00,25/06/2020 10:52,3081,FALSE,25/06/2020 09:00,25/06/2020 09:52
Webinar,1b4b3a19-b1ce-49a5-9c51-98c6f5fa35cf,33830a85-6f15-4d25-8080-e170720b268a,nbrowse3c@bing.com,Noe Browse,IB8Yr_hNTfe9P45Sc7_CvQ,25/06/2020 10:02,25/06/2020 10:52,2992,FALSE,25/06/2020 09:02,25/06/2020 09:52
Webinar,f406c765-0184-4f29-b253-7143d346d326,38ae02b6-c82a-43f4-a8b3-48a6eab430bf,internal_1@theinformationlab.co.uk,internal_1,FRCNO29AST6NkJqJn3Rr1g,09/06/2020 09:54,09/06/2020 10:50,3362,TRUE,09/06/2020 08:54,09/06/2020 09:50
Webinar,f406c765-0184-4f29-b253-7143d346d326,38ae02b6-c82a-43f4-a8b3-48a6eab430bf,internal_9@theinformationlab.co.uk,internal_9,QHMTVVCaREyneGz1BQu_rg,09/06/2020 09:54,09/06/2020 10:50,3369,TRUE,09/06/2020 08:54,09/06/2020 09:50
Webinar,f406c765-0184-4f29-b253-7143d346d326,38ae02b6-c82a-43f4-a8b3-48a6eab430bf,internal_4@theinformationlab.co.uk,internal_4,la5kegU3SvayHbs0vxEfBw,09/06/2020 09:54,09/06/2020 10:50,3362,TRUE,09/06/2020 08:54,09/06/2020 09:50
Webinar,f406c765-0184-4f29-b253-7143d346d326,38ae02b6-c82a-43f4-a8b3-48a6eab430bf,gpharrow9r@devhub.com,Glyn Pharrow,XwSC_Mq3TZiCry3nPkZZnA,09/06/2020 09:59,09/06/2020 10:50,3065,FALSE,09/06/2020 08:59,09/06/2020 09:50
Webinar,f406c765-0184-4f29-b253-7143d346d326,38ae02b6-c82a-43f4-a8b3-48a6eab430bf,mgiacobelli9s@microsoft.com,Merralee Giacobelli,TPYBDbNvStCfRpxbTn34Hg,09/06/2020 10:05,09/06/2020 10:50,2694,FALSE,09/06/2020 09:05,09/06/2020 09:50
Webinar,f406c765-0184-4f29-b253-7143d346d326,38ae02b6-c82a-43f4-a8b3-48a6eab430bf,ssandyford9t@dell.com,Sherlocke Sandyford,E6yNJKl6QPC_whgAKVGfnw,09/06/2020 09:59,09/06/2020 10:50,3090,FALSE,09/06/2020 08:59,09/06/2020 09:50
Webinar,f406c765-0184-4f29-b253-7143d346d326,38ae02b6-c82a-43f4-a8b3-48a6eab430bf,cscain9u@youtube.com,Cesaro Scain,LSfb2xJLSd6Z4vgCrI_IPA,09/06/2020 09:59,09/06/2020 10:45,2766,FALSE,09/06/2020 08:59,09/06/2020 09:45
Webinar,f406c765-0184-4f29-b253-7143d346d326,38ae02b6-c82a-43f4-a8b3-48a6eab430bf,jpettipher9v@ted.com,Jocelin Pettipher,wUuCKhseRSubROkDWqF2xw,09/06/2020 10:11,09/06/2020 10:50,2345,FALSE,09/06/2020 09:11,09/06/2020 09:50
Webinar,f406c765-0184-4f29-b253-7143d346d326,38ae02b6-c82a-43f4-a8b3-48a6eab430bf,lsobey9w@loc.gov,Llywellyn Sobey,hJcrAzIiRlWh9XUBwY0gjw,09/06/2020 10:07,09/06/2020 10:50,2616,FALSE,09/06/2020 09:07,09/06/2020 09:50
Webinar,f406c765-0184-4f29-b253-7143d346d326,38ae02b6-c82a-43f4-a8b3-48a6eab430bf,ecorragan9x@edublogs.org,Emilee Corragan,OSIi9ezKRsqAtvCCk9xtaA,09/06/2020 10:01,09/06/2020 10:44,2586,FALSE,09/06/2020 09:01,09/06/2020 09:44
Webinar,f406c765-0184-4f29-b253-7143d346d326,38ae02b6-c82a-43f4-a8b3-48a6eab430bf,eskull9y@unc.edu,Elizabet Skull,GDxiwcRdSm2If-t1hh87Rw,09/06/2020 10:00,09/06/2020 10:49,2978,FALSE,09/06/2020 09:00,09/06/2020 09:49
Webinar,f406c765-0184-4f29-b253-7143d346d326,38ae02b6-c82a-43f4-a8b3-48a6eab430bf,mjanaud9z@goo.gl,Morgana Janaud,CjvT0mscT4-6-0OeYdsH5A,09/06/2020 10:06,09/06/2020 10:50,2635,FALSE,09/06/2020 09:06,09/06/2020 09:50
Webinar,f406c765-0184-4f29-b253-7143d346d326,38ae02b6-c82a-43f4-a8b3-48a6eab430bf,ljeacopa0@whitehouse.gov,Lavina Jeacop,dKz1yqZyQc67F_PhAWjmRQ,09/06/2020 10:00,09/06/2020 10:48,2871,FALSE,09/06/2020 09:00,09/06/2020 09:48
Webinar,f406c765-0184-4f29-b253-7143d346d326,38ae02b6-c82a-43f4-a8b3-48a6eab430bf,humneya1@clickbank.net,Howey Umney,_R23asxuRvqxtk8i9geWaA,09/06/2020 09:59,09/06/2020 10:50,3068,FALSE,09/06/2020 08:59,09/06/2020 09:50
Webinar,f406c765-0184-4f29-b253-7143d346d326,38ae02b6-c82a-43f4-a8b3-48a6eab430bf,moddaa2@abc.net.au,Melvyn Odda,TnXWQ7mpRQeeuPGmr6kJlA,09/06/2020 10:06,09/06/2020 10:30,1436,FALSE,09/06/2020 09:06,09/06/2020 09:30
Webinar,f406c765-0184-4f29-b253-7143d346d326,38ae02b6-c82a-43f4-a8b3-48a6eab430bf,cdea3@vinaora.com,Chas De Angelo,TDCLgq9cQkCe9nmHyU28kA,09/06/2020 10:03,09/06/2020 10:50,2829,FALSE,09/06/2020 09:03,09/06/2020 09:50
Webinar,f406c765-0184-4f29-b253-7143d346d326,38ae02b6-c82a-43f4-a8b3-48a6eab430bf,friacha4@cloudflare.com,Fredericka Riach,eAuRKlamTsilWrW6JjQNfg,09/06/2020 10:21,09/06/2020 10:50,1733,FALSE,09/06/2020 09:21,09/06/2020 09:50
Webinar,f406c765-0184-4f29-b253-7143d346d326,38ae02b6-c82a-43f4-a8b3-48a6eab430bf,tribeiroa5@prweb.com,Talbot Ribeiro,vElbh1LIRlyMjN038LHNrg,09/06/2020 09:59,09/06/2020 10:50,3057,FALSE,09/06/2020 08:59,09/06/2020 09:50
Webinar,f406c765-0184-4f29-b253-7143d346d326,38ae02b6-c82a-43f4-a8b3-48a6eab430bf,wbedinhama6@bbb.org,Whitby Bedinham,O_w9Xb1mRyiLCD4UMcHbNw,09/06/2020 09:59,09/06/2020 10:50,3080,FALSE,09/06/2020 08:59,09/06/2020 09:50
Webinar,f406c765-0184-4f29-b253-7143d346d326,38ae02b6-c82a-43f4-a8b3-48a6eab430bf,sfindleya7@bizjournals.com,Shana Findley,2LJHrRt0RL6cl6IfdpETDg,09/06/2020 10:01,09/06/2020 10:50,3090,FALSE,09/06/2020 09:01,09/06/2020 09:50
Webinar,f406c765-0184-4f29-b253-7143d346d326,38ae02b6-c82a-43f4-a8b3-48a6eab430bf,bchampkina8@tinypic.com,Bev Champkin,Hwub855cSra60FVczr9KMQ,09/06/2020 10:00,09/06/2020 10:46,2014,FALSE,09/06/2020 09:00,09/06/2020 09:46
Webinar,f406c765-0184-4f29-b253-7143d346d326,38ae02b6-c82a-43f4-a8b3-48a6eab430bf,ccaneya9@marketwatch.com,Celeste Caney,#NAME?,09/06/2020 10:06,09/06/2020 10:50,2671,FALSE,09/06/2020 09:06,09/06/2020 09:50
Webinar,f406c765-0184-4f29-b253-7143d346d326,38ae02b6-c82a-43f4-a8b3-48a6eab430bf,cjillettaa@amazon.co.jp,Curtice Jillett,H7v_yXlJQp-FsIenQLotwQ,09/06/2020 10:36,09/06/2020 10:50,853,FALSE,09/06/2020 09:36,09/06/2020 09:50
Webinar,f406c765-0184-4f29-b253-7143d346d326,38ae02b6-c82a-43f4-a8b3-48a6eab430bf,dmccormickab@opera.com,Donnie McCormick,nV1d4_HNSAqHYqQ_H0JN7Q,09/06/2020 10:01,09/06/2020 10:50,2922,FALSE,09/06/2020 09:01,09/06/2020 09:50
Webinar,f406c765-0184-4f29-b253-7143d346d326,38ae02b6-c82a-43f4-a8b3-48a6eab430bf,icrisfordac@etsy.com,Irv Crisford,MwlozcZ9R8-q2383bWQIRw,09/06/2020 10:00,09/06/2020 10:12,652,FALSE,09/06/2020 09:00,09/06/2020 09:12
Webinar,f406c765-0184-4f29-b253-7143d346d326,38ae02b6-c82a-43f4-a8b3-48a6eab430bf,vchappellead@vimeo.com,Virgilio Chappelle,ffdgfnfMRnaJ_fDALSA7ig,09/06/2020 10:01,09/06/2020 10:50,2927,FALSE,09/06/2020 09:01,09/06/2020 09:50
Webinar,f406c765-0184-4f29-b253-7143d346d326,38ae02b6-c82a-43f4-a8b3-48a6eab430bf,ayurevichae@hugedomains.com,Arie Yurevich,BNslutchSvyPGu4KzHp7zw,09/06/2020 10:25,09/06/2020 10:50,1531,FALSE,09/06/2020 09:25,09/06/2020 09:50
Webinar,f406c765-0184-4f29-b253-7143d346d326,38ae02b6-c82a-43f4-a8b3-48a6eab430bf,rdurtnallaf@bloglines.com,Reece Durtnall,maXsyjYoT42Wyh_kI8KGTw,09/06/2020 09:59,09/06/2020 10:20,1253,FALSE,09/06/2020 08:59,09/06/2020 09:20
Webinar,f406c765-0184-4f29-b253-7143d346d326,38ae02b6-c82a-43f4-a8b3-48a6eab430bf,crounsivallag@ucoz.ru,Clive Rounsivall,amYRfkAVSSGJnmGw5EODqw,09/06/2020 09:59,09/06/2020 10:20,1226,FALSE,09/06/2020 08:59,09/06/2020 09:20
Webinar,f406c765-0184-4f29-b253-7143d346d326,38ae02b6-c82a-43f4-a8b3-48a6eab430bf,sgrellisah@reuters.com,Stavros Grellis,3gdqUvYMQBCIXzioWXh_SQ,09/06/2020 10:44,09/06/2020 10:50,390,FALSE,09/06/2020 09:44,09/06/2020 09:50
Webinar,f406c765-0184-4f29-b253-7143d346d326,38ae02b6-c82a-43f4-a8b3-48a6eab430bf,cyoskowitzai@blogspot.com,Cesar Yoskowitz,CwmN8ZhoQMWWzL04xdi25A,09/06/2020 10:03,09/06/2020 10:46,2601,FALSE,09/06/2020 09:03,09/06/2020 09:46
Webinar,f406c765-0184-4f29-b253-7143d346d326,38ae02b6-c82a-43f4-a8b3-48a6eab430bf,emoncarraj@mtv.com,Evanne Moncarr,jUMykaUuS2CtdmecYzrvJg,09/06/2020 10:18,09/06/2020 10:39,1302,FALSE,09/06/2020 09:18,09/06/2020 09:39
Webinar,f406c765-0184-4f29-b253-7143d346d326,38ae02b6-c82a-43f4-a8b3-48a6eab430bf,wdalmanak@nationalgeographic.com,Woodrow Dalman,fjmzb-asRO2Ji_d-wSi4rA,09/06/2020 10:03,09/06/2020 10:24,1241,FALSE,09/06/2020 09:03,09/06/2020 09:24
Webinar,f406c765-0184-4f29-b253-7143d346d326,38ae02b6-c82a-43f4-a8b3-48a6eab430bf,zbouzanal@symantec.com,Zacherie Bouzan,iR80om_4RV2zpgF_PZSWoQ,09/06/2020 10:13,09/06/2020 10:50,2227,FALSE,09/06/2020 09:13,09/06/2020 09:50
Webinar,f406c765-0184-4f29-b253-7143d346d326,38ae02b6-c82a-43f4-a8b3-48a6eab430bf,hbussettiam@earthlink.net,Haskel Bussetti,KW9Sv1QHTryco7BCh9L4Fg,09/06/2020 10:10,09/06/2020 10:44,2027,FALSE,09/06/2020 09:10,09/06/2020 09:44
Webinar,f406c765-0184-4f29-b253-7143d346d326,38ae02b6-c82a-43f4-a8b3-48a6eab430bf,cgollyan@mapy.cz,Coralie Golly,IJpQ_WGqReiKIYflnY7w4Q,09/06/2020 10:03,09/06/2020 10:50,2854,FALSE,09/06/2020 09:03,09/06/2020 09:50
Webinar,f406c765-0184-4f29-b253-7143d346d326,38ae02b6-c82a-43f4-a8b3-48a6eab430bf,jwarmishamao@businessweek.com,Joby Warmisham,GhmWpWo7TCyouu3WB8U47A,09/06/2020 10:03,09/06/2020 10:44,2306,FALSE,09/06/2020 09:03,09/06/2020 09:44
Webinar,f406c765-0184-4f29-b253-7143d346d326,38ae02b6-c82a-43f4-a8b3-48a6eab430bf,tbascombap@home.pl,Trixie Bascomb,ZPEtqRbIRD2Ql8DBQyWtmg,09/06/2020 10:10,09/06/2020 10:26,957,FALSE,09/06/2020 09:10,09/06/2020 09:26
Webinar,f406c765-0184-4f29-b253-7143d346d326,38ae02b6-c82a-43f4-a8b3-48a6eab430bf,iroistoneaq@icq.com,Ikey Roistone,yzkn62TARvSkRwpvzfBD5A,09/06/2020 10:11,09/06/2020 10:50,2363,FALSE,09/06/2020 09:11,09/06/2020 09:50
Webinar,f406c765-0184-4f29-b253-7143d346d326,38ae02b6-c82a-43f4-a8b3-48a6eab430bf,eoheynear@delicious.com,Esmaria O'Heyne,jZRYrNkCS0-EYl5ZpjVbvQ,09/06/2020 10:40,09/06/2020 10:50,615,FALSE,09/06/2020 09:40,09/06/2020 09:50
Webinar,f406c765-0184-4f29-b253-7143d346d326,38ae02b6-c82a-43f4-a8b3-48a6eab430bf,rpattinsonas@dmoz.org,Rene Pattinson,mFZKgdKrSv6QPkF-wkxpRw,09/06/2020 10:07,09/06/2020 10:50,2581,FALSE,09/06/2020 09:07,09/06/2020 09:50
Webinar,f406c765-0184-4f29-b253-7143d346d326,38ae02b6-c82a-43f4-a8b3-48a6eab430bf,kyekelat@xinhuanet.com,Konrad Yekel,uUXkKha4T_-b7Px_gMc-tw,09/06/2020 10:04,09/06/2020 10:50,2750,FALSE,09/06/2020 09:04,09/06/2020 09:50
Webinar,0dabf745-e61e-4def-b109-b8573de25383,bc22386c-19ee-4904-aa0a-ac434e828428,internal_6@theinformationlab.co.uk,internal_6,gVbprod2TkuTnNDHpoMLvw,11/06/2020 09:47,11/06/2020 11:02,4525,TRUE,11/06/2020 08:47,11/06/2020 10:02
Webinar,0dabf745-e61e-4def-b109-b8573de25383,bc22386c-19ee-4904-aa0a-ac434e828428,internal_6@theinformationlab.co.uk,internal_6,foL1-kZ8TKWV70Yn_NNtTA,11/06/2020 10:00,11/06/2020 10:44,2656,TRUE,11/06/2020 09:00,11/06/2020 09:44
Webinar,0dabf745-e61e-4def-b109-b8573de25383,bc22386c-19ee-4904-aa0a-ac434e828428,internal_4@theinformationlab.co.uk,internal_4,QHMTVVCaREyneGz1BQu_rg,11/06/2020 09:46,11/06/2020 11:02,4580,TRUE,11/06/2020 08:46,11/06/2020 10:02
Webinar,0dabf745-e61e-4def-b109-b8573de25383,bc22386c-19ee-4904-aa0a-ac434e828428,internal_2@theinformationlab.co.uk,internal_2,3ZcsfGSmTtmKO2_bhuNb0g,11/06/2020 09:48,11/06/2020 11:02,4449,TRUE,11/06/2020 08:48,11/06/2020 10:02
Webinar,0dabf745-e61e-4def-b109-b8573de25383,bc22386c-19ee-4904-aa0a-ac434e828428,sshaplin3d@uiuc.edu,Sara Shaplin,JhiEFvN3SZa_tvW3EFNYfg,11/06/2020 10:03,11/06/2020 11:02,3541,FALSE,11/06/2020 09:03,11/06/2020 10:02
Webinar,0dabf745-e61e-4def-b109-b8573de25383,bc22386c-19ee-4904-aa0a-ac434e828428,mhauch3e@mlb.com,Maryl Hauch,99b_tD4aRhSmhJsyQP7PvQ,11/06/2020 09:59,11/06/2020 11:02,3786,FALSE,11/06/2020 08:59,11/06/2020 10:02
Webinar,0dabf745-e61e-4def-b109-b8573de25383,bc22386c-19ee-4904-aa0a-ac434e828428,ajarley3f@vinaora.com,Albertina Jarley,QEW2_L0nTC6tYWxiUJEG-A,11/06/2020 10:02,11/06/2020 11:02,3570,FALSE,11/06/2020 09:02,11/06/2020 10:02
Webinar,0dabf745-e61e-4def-b109-b8573de25383,bc22386c-19ee-4904-aa0a-ac434e828428,kjessop3g@oakley.com,Kendrick Jessop,cReHeSLnRYmO-QIsaAO4ow,11/06/2020 09:59,11/06/2020 11:02,3745,FALSE,11/06/2020 08:59,11/06/2020 10:02
Webinar,0dabf745-e61e-4def-b109-b8573de25383,bc22386c-19ee-4904-aa0a-ac434e828428,aghioni3h@fastcompany.com,Angelina Ghioni,6BoWVpyNRB2kGk4bF_XPvw,11/06/2020 10:01,11/06/2020 11:02,3690,FALSE,11/06/2020 09:01,11/06/2020 10:02
Webinar,0dabf745-e61e-4def-b109-b8573de25383,bc22386c-19ee-4904-aa0a-ac434e828428,btemlett3i@state.gov,Brinna Temlett,GtDaaAJNQ5OdAv4IuYBXVg,11/06/2020 10:05,11/06/2020 11:02,3552,FALSE,11/06/2020 09:05,11/06/2020 10:02
Webinar,0dabf745-e61e-4def-b109-b8573de25383,bc22386c-19ee-4904-aa0a-ac434e828428,wkarolowski3j@is.gd,Walt Karolowski,7nqrpRLkSVCl0d5HKFMAMA,11/06/2020 10:19,11/06/2020 11:02,1866,FALSE,11/06/2020 09:19,11/06/2020 10:02
Webinar,0dabf745-e61e-4def-b109-b8573de25383,bc22386c-19ee-4904-aa0a-ac434e828428,vtrigg3k@howstuffworks.com,Van Trigg,_PrgX2nIQvKP2EN5EEo6Ow,11/06/2020 10:19,11/06/2020 11:02,2598,FALSE,11/06/2020 09:19,11/06/2020 10:02
Webinar,0dabf745-e61e-4def-b109-b8573de25383,bc22386c-19ee-4904-aa0a-ac434e828428,ncottham3l@acquirethisname.com,Neil Cottham,qZr6a6m8S2eNjZFu6UqKZA,11/06/2020 09:59,11/06/2020 11:02,3749,FALSE,11/06/2020 08:59,11/06/2020 10:02
Webinar,0dabf745-e61e-4def-b109-b8573de25383,bc22386c-19ee-4904-aa0a-ac434e828428,fwakeling3n@free.fr,Fran Wakeling,aZHgFcUFSLG_UFzYcZlRsA,11/06/2020 10:09,11/06/2020 11:02,3230,FALSE,11/06/2020 09:09,11/06/2020 10:02
Webinar,0dabf745-e61e-4def-b109-b8573de25383,bc22386c-19ee-4904-aa0a-ac434e828428,rbeels3o@wordpress.org,Rosita Beels,chOBbpJ0RxGqDRm-PYCH-g,11/06/2020 10:02,11/06/2020 11:02,3560,FALSE,11/06/2020 09:02,11/06/2020 10:02
Webinar,0dabf745-e61e-4def-b109-b8573de25383,bc22386c-19ee-4904-aa0a-ac434e828428,jcorbitt3p@ftc.gov,Jamison Corbitt,xLLX_AM0QMqAiFaZVuVqCw,11/06/2020 10:02,11/06/2020 10:27,1505,FALSE,11/06/2020 09:02,11/06/2020 09:27
Webinar,0dabf745-e61e-4def-b109-b8573de25383,bc22386c-19ee-4904-aa0a-ac434e828428,fseres3q@hibu.com,Filberto Seres,-R95KHQESv-wne1BvSR1CA,11/06/2020 10:04,11/06/2020 11:02,3460,FALSE,11/06/2020 09:04,11/06/2020 10:02
Webinar,0dabf745-e61e-4def-b109-b8573de25383,bc22386c-19ee-4904-aa0a-ac434e828428,acapstick3r@php.net,Alyse Capstick,8H8ANgjqRNiMylwa-jvWyg,11/06/2020 10:08,11/06/2020 11:02,3187,FALSE,11/06/2020 09:08,11/06/2020 10:02
Webinar,0dabf745-e61e-4def-b109-b8573de25383,bc22386c-19ee-4904-aa0a-ac434e828428,ibolitho3s@blogs.com,Issiah Bolitho,HussLGG6Q5SXRK5kMOMcVw,11/06/2020 09:59,11/06/2020 11:02,3737,FALSE,11/06/2020 08:59,11/06/2020 10:02
Webinar,0dabf745-e61e-4def-b109-b8573de25383,bc22386c-19ee-4904-aa0a-ac434e828428,mcabane3t@java.com,Morton Cabane,zVKRdQZcQVOapWFCDtOLFw,11/06/2020 09:59,11/06/2020 11:02,3772,FALSE,11/06/2020 08:59,11/06/2020 10:02
Webinar,0dabf745-e61e-4def-b109-b8573de25383,bc22386c-19ee-4904-aa0a-ac434e828428,gwhyborne3u@webmd.com,Glynnis Whyborne,PXcgOXZIQZO_9gqKt_fvCA,11/06/2020 10:06,11/06/2020 11:02,3384,FALSE,11/06/2020 09:06,11/06/2020 10:02
Webinar,0dabf745-e61e-4def-b109-b8573de25383,bc22386c-19ee-4904-aa0a-ac434e828428,eatto3v@arizona.edu,Essa Atto,DW84-l9QQGaeGLB2hhcWUw,11/06/2020 10:31,11/06/2020 11:02,1837,FALSE,11/06/2020 09:31,11/06/2020 10:02
Webinar,0dabf745-e61e-4def-b109-b8573de25383,bc22386c-19ee-4904-aa0a-ac434e828428,kprynne3w@devhub.com,Kathy Prynne,GO5sXMkxQlW7ziXyzWZ6PQ,11/06/2020 10:10,11/06/2020 10:20,579,FALSE,11/06/2020 09:10,11/06/2020 09:20
Webinar,0dabf745-e61e-4def-b109-b8573de25383,bc22386c-19ee-4904-aa0a-ac434e828428,ecrandon3y@go.com,Erv Crandon,AlqYOFTnRQyHv2hFJB-I7w,11/06/2020 10:04,11/06/2020 10:38,2058,FALSE,11/06/2020 09:04,11/06/2020 09:38
Webinar,0dabf745-e61e-4def-b109-b8573de25383,bc22386c-19ee-4904-aa0a-ac434e828428,arenwick3z@mail.ru,Andromache Renwick,esc4TFbPS-2IAkrqTJrbrA,11/06/2020 10:11,11/06/2020 10:55,2627,FALSE,11/06/2020 09:11,11/06/2020 09:55
Webinar,0dabf745-e61e-4def-b109-b8573de25383,bc22386c-19ee-4904-aa0a-ac434e828428,brockwill40@xing.com,Bobette Rockwill,MDxKmUQeTz-vxBUzCgliXA,11/06/2020 10:00,11/06/2020 11:02,3719,FALSE,11/06/2020 09:00,11/06/2020 10:02
Webinar,0dabf745-e61e-4def-b109-b8573de25383,bc22386c-19ee-4904-aa0a-ac434e828428,ajuster41@arizona.edu,Allene Juster,Xwng_6IEQFeKoYqtR1ZcIQ,11/06/2020 10:00,11/06/2020 11:02,3649,FALSE,11/06/2020 09:00,11/06/2020 10:02
Webinar,0dabf745-e61e-4def-b109-b8573de25383,bc22386c-19ee-4904-aa0a-ac434e828428,ccotta42@amazon.co.jp,Carena Cotta,iFamugcLRgCRlAqjSID3Qw,11/06/2020 10:00,11/06/2020 11:02,3696,FALSE,11/06/2020 09:00,11/06/2020 10:02
Webinar,0dabf745-e61e-4def-b109-b8573de25383,bc22386c-19ee-4904-aa0a-ac434e828428,lbrabbs43@phpbb.com,Lynnette Brabbs,Q_1Od9M9R8OWPQ-zrm1PVg,11/06/2020 10:24,11/06/2020 10:35,657,FALSE,11/06/2020 09:24,11/06/2020 09:35
Webinar,0dabf745-e61e-4def-b109-b8573de25383,bc22386c-19ee-4904-aa0a-ac434e828428,acarnow44@oakley.com,Arnaldo Carnow,yLxvBBmoSBezgLakQgD5CA,11/06/2020 10:00,11/06/2020 11:02,3725,FALSE,11/06/2020 09:00,11/06/2020 10:02
Webinar,0dabf745-e61e-4def-b109-b8573de25383,bc22386c-19ee-4904-aa0a-ac434e828428,dgohn45@feedburner.com,Dareen Gohn,3A8G7rwxTtq1k9WyilD4JQ,11/06/2020 10:08,11/06/2020 10:41,1950,FALSE,11/06/2020 09:08,11/06/2020 09:41
Webinar,0dabf745-e61e-4def-b109-b8573de25383,bc22386c-19ee-4904-aa0a-ac434e828428,pbrisker46@weibo.com,Padriac Brisker,AOQV8piXR5iGqQEJNq_yOQ,11/06/2020 10:03,11/06/2020 11:02,3551,FALSE,11/06/2020 09:03,11/06/2020 10:02
Webinar,0dabf745-e61e-4def-b109-b8573de25383,bc22386c-19ee-4904-aa0a-ac434e828428,kguichard47@phoca.cz,Kurt Guichard,ZtwpXbPwR2O23n75y-x-vw,11/06/2020 10:01,11/06/2020 11:02,3641,FALSE,11/06/2020 09:01,11/06/2020 10:02
Webinar,0dabf745-e61e-4def-b109-b8573de25383,bc22386c-19ee-4904-aa0a-ac434e828428,hstandeven48@ihg.com,Hilliary Standeven,E9eGhObMRRaZSXBQD2v2Pw,11/06/2020 09:59,11/06/2020 11:02,3751,FALSE,11/06/2020 08:59,11/06/2020 10:02
Webinar,0dabf745-e61e-4def-b109-b8573de25383,bc22386c-19ee-4904-aa0a-ac434e828428,dhowford49@google.com.br,Dylan Howford,SycQPdJ0RQWwnyJyJnlRtA,11/06/2020 10:02,11/06/2020 10:15,780,FALSE,11/06/2020 09:02,11/06/2020 09:15
Webinar,0dabf745-e61e-4def-b109-b8573de25383,bc22386c-19ee-4904-aa0a-ac434e828428,myukhov4a@gnu.org,Mikaela Yukhov,ZCeIzUChTc27hKD3xnH1FA,11/06/2020 09:59,11/06/2020 11:02,3776,FALSE,11/06/2020 08:59,11/06/2020 10:02
Webinar,0dabf745-e61e-4def-b109-b8573de25383,bc22386c-19ee-4904-aa0a-ac434e828428,pcrim4b@theatlantic.com,Pauli Crim,kZ0ZG7UPR5C_mtf8AFLhRA,11/06/2020 09:59,11/06/2020 11:02,3738,FALSE,11/06/2020 08:59,11/06/2020 10:02
Webinar,0dabf745-e61e-4def-b109-b8573de25383,bc22386c-19ee-4904-aa0a-ac434e828428,bhaggerty4c@spotify.com,Brody Haggerty,8rKA7K2ZR2ShStk5Dsky2w,11/06/2020 10:02,11/06/2020 11:02,3575,FALSE,11/06/2020 09:02,11/06/2020 10:02
Webinar,0dabf745-e61e-4def-b109-b8573de25383,bc22386c-19ee-4904-aa0a-ac434e828428,gbranchett4d@chron.com,Gaylord Branchett,ezdkfQ6cRZmwcZNks4nGaA,11/06/2020 10:00,11/06/2020 11:02,3724,FALSE,11/06/2020 09:00,11/06/2020 10:02
Meeting,9bfbeede-c6de-4e06-a7b8-5c83d382b651,be3fda75-fc9a-4ef2-837b-baad3ff1b524,internal_5@theinformationlab.co.uk,internal_5,6fi6Qt9fRsCXvsBCYHPj6Q,11/06/2020 14:47,11/06/2020 17:06,8371,TRUE,11/06/2020 13:47,11/06/2020 16:06
Meeting,9bfbeede-c6de-4e06-a7b8-5c83d382b651,be3fda75-fc9a-4ef2-837b-baad3ff1b524,internal_6@theinformationlab.co.uk,internal_6,Qeem8-IwSEOtbCjj4Y0U-A,11/06/2020 14:48,11/06/2020 16:55,7475,TRUE,11/06/2020 13:48,11/06/2020 15:55
Meeting,9bfbeede-c6de-4e06-a7b8-5c83d382b651,be3fda75-fc9a-4ef2-837b-baad3ff1b524,internal_4@theinformationlab.co.uk,internal_4,QHMTVVCaREyneGz1BQu_rg,11/06/2020 14:46,11/06/2020 17:06,8398,TRUE,11/06/2020 13:46,11/06/2020 16:06
Meeting,9bfbeede-c6de-4e06-a7b8-5c83d382b651,be3fda75-fc9a-4ef2-837b-baad3ff1b524,internal_7@theinformationlab.co.uk,internal_7,,11/06/2020 14:47,11/06/2020 17:00,7998,TRUE,11/06/2020 13:47,11/06/2020 16:00
Meeting,9bfbeede-c6de-4e06-a7b8-5c83d382b651,be3fda75-fc9a-4ef2-837b-baad3ff1b524,internal_9@theinformationlab.co.uk,internal_9,65DxmaIJT0Cm5r3vKXQADw,11/06/2020 14:48,11/06/2020 16:54,7594,TRUE,11/06/2020 13:48,11/06/2020 15:54
Meeting,9bfbeede-c6de-4e06-a7b8-5c83d382b651,be3fda75-fc9a-4ef2-837b-baad3ff1b524,internal_8@theinformationlab.co.uk,internal_8,,11/06/2020 15:08,11/06/2020 17:01,6762,TRUE,11/06/2020 14:08,11/06/2020 16:01
Meeting,9bfbeede-c6de-4e06-a7b8-5c83d382b651,be3fda75-fc9a-4ef2-837b-baad3ff1b524,cbrody71@chicagotribune.com,Clotilda Brody,cOI2mrXjTQaYLfYwofHM4A,11/06/2020 16:17,11/06/2020 16:59,2563,FALSE,11/06/2020 15:17,11/06/2020 15:59
Meeting,9bfbeede-c6de-4e06-a7b8-5c83d382b651,be3fda75-fc9a-4ef2-837b-baad3ff1b524,cclapham72@issuu.com,Casar Clapham,,11/06/2020 15:05,11/06/2020 17:06,7306,FALSE,11/06/2020 14:05,11/06/2020 16:06
Meeting,9bfbeede-c6de-4e06-a7b8-5c83d382b651,be3fda75-fc9a-4ef2-837b-baad3ff1b524,mflaubert73@opera.com,Marguerite Flaubert,,11/06/2020 15:05,11/06/2020 16:46,6099,FALSE,11/06/2020 14:05,11/06/2020 15:46
Meeting,9bfbeede-c6de-4e06-a7b8-5c83d382b651,be3fda75-fc9a-4ef2-837b-baad3ff1b524,amerwe74@alexa.com,Averell Merwe,,11/06/2020 14:47,11/06/2020 17:06,8340,FALSE,11/06/2020 13:47,11/06/2020 16:06
Meeting,9bfbeede-c6de-4e06-a7b8-5c83d382b651,be3fda75-fc9a-4ef2-837b-baad3ff1b524,dscalera75@blinklist.com,Dasha Scalera,,11/06/2020 14:57,11/06/2020 17:06,7600,FALSE,11/06/2020 13:57,11/06/2020 16:06
Meeting,9bfbeede-c6de-4e06-a7b8-5c83d382b651,be3fda75-fc9a-4ef2-837b-baad3ff1b524,bdaguanno76@china.com.cn,Bonni D'Aguanno,6uShSD9lRaqVFO7ogmn05w,11/06/2020 14:47,11/06/2020 15:31,2182,FALSE,11/06/2020 13:47,11/06/2020 14:31
Meeting,9bfbeede-c6de-4e06-a7b8-5c83d382b651,be3fda75-fc9a-4ef2-837b-baad3ff1b524,gspinello77@usnews.com,Garrott Spinello,,11/06/2020 15:00,11/06/2020 16:04,3832,FALSE,11/06/2020 14:00,11/06/2020 15:04
Meeting,9bfbeede-c6de-4e06-a7b8-5c83d382b651,be3fda75-fc9a-4ef2-837b-baad3ff1b524,jburger78@sciencedirect.com,Jessamyn Burger,,11/06/2020 14:59,11/06/2020 16:01,3739,FALSE,11/06/2020 13:59,11/06/2020 15:01
Meeting,9bfbeede-c6de-4e06-a7b8-5c83d382b651,be3fda75-fc9a-4ef2-837b-baad3ff1b524,clazer79@usgs.gov,Cyril Lazer,,11/06/2020 15:01,11/06/2020 17:06,7499,FALSE,11/06/2020 14:01,11/06/2020 16:06
Meeting,9bfbeede-c6de-4e06-a7b8-5c83d382b651,be3fda75-fc9a-4ef2-837b-baad3ff1b524,rlewknor7a@soundcloud.com,Ransom Lewknor,,11/06/2020 14:57,11/06/2020 16:46,6522,FALSE,11/06/2020 13:57,11/06/2020 15:46
Meeting,9bfbeede-c6de-4e06-a7b8-5c83d382b651,be3fda75-fc9a-4ef2-837b-baad3ff1b524,aashbridge7b@umich.edu,Anallise Ashbridge,,11/06/2020 14:59,11/06/2020 16:59,7205,FALSE,11/06/2020 13:59,11/06/2020 15:59
Meeting,9bfbeede-c6de-4e06-a7b8-5c83d382b651,be3fda75-fc9a-4ef2-837b-baad3ff1b524,bmeasor7c@indiatimes.com,Brew Measor,,11/06/2020 15:03,11/06/2020 15:42,2310,FALSE,11/06/2020 14:03,11/06/2020 14:42
Meeting,9bfbeede-c6de-4e06-a7b8-5c83d382b651,be3fda75-fc9a-4ef2-837b-baad3ff1b524,jwilshaw7d@ifeng.com,Joletta Wilshaw,,11/06/2020 14:56,11/06/2020 16:54,7071,FALSE,11/06/2020 13:56,11/06/2020 15:54
Meeting,9bfbeede-c6de-4e06-a7b8-5c83d382b651,be3fda75-fc9a-4ef2-837b-baad3ff1b524,athreadkell7e@gnu.org,Abie Threadkell,,11/06/2020 14:52,11/06/2020 16:57,7470,FALSE,11/06/2020 13:52,11/06/2020 15:57
Meeting,9bfbeede-c6de-4e06-a7b8-5c83d382b651,be3fda75-fc9a-4ef2-837b-baad3ff1b524,nbrooker7f@timesonline.co.uk,Nikos Brooker,VcIs26g4QRCnGIFhmf-Qpw,11/06/2020 14:59,11/06/2020 16:38,5937,FALSE,11/06/2020 13:59,11/06/2020 15:38
Meeting,9bfbeede-c6de-4e06-a7b8-5c83d382b651,be3fda75-fc9a-4ef2-837b-baad3ff1b524,hhannam7g@unblog.fr,Hebert Hannam,,11/06/2020 14:54,11/06/2020 16:57,7376,FALSE,11/06/2020 13:54,11/06/2020 15:57
Meeting,9bfbeede-c6de-4e06-a7b8-5c83d382b651,be3fda75-fc9a-4ef2-837b-baad3ff1b524,hpoel7h@hud.gov,Hillery Poel,,11/06/2020 15:02,11/06/2020 16:34,5496,FALSE,11/06/2020 14:02,11/06/2020 15:34
Meeting,9bfbeede-c6de-4e06-a7b8-5c83d382b651,be3fda75-fc9a-4ef2-837b-baad3ff1b524,dmeddemmen7i@techcrunch.com,Dix Meddemmen,,11/06/2020 14:58,11/06/2020 16:55,7036,FALSE,11/06/2020 13:58,11/06/2020 15:55
Meeting,9bfbeede-c6de-4e06-a7b8-5c83d382b651,be3fda75-fc9a-4ef2-837b-baad3ff1b524,lcatherick7j@squarespace.com,Lamar Catherick,,11/06/2020 15:03,11/06/2020 16:56,6767,FALSE,11/06/2020 14:03,11/06/2020 15:56
Meeting,9bfbeede-c6de-4e06-a7b8-5c83d382b651,be3fda75-fc9a-4ef2-837b-baad3ff1b524,qbarroux7k@ezinearticles.com,Quintina Barroux,lqsZg7eFTBiXjxmHR3r_FA,11/06/2020 15:07,11/06/2020 15:33,1588,FALSE,11/06/2020 14:07,11/06/2020 14:33
Meeting,9bfbeede-c6de-4e06-a7b8-5c83d382b651,be3fda75-fc9a-4ef2-837b-baad3ff1b524,rlidgard7l@army.mil,Ruby Lidgard,,11/06/2020 15:02,11/06/2020 16:53,6654,FALSE,11/06/2020 14:02,11/06/2020 15:53
Meeting,9bfbeede-c6de-4e06-a7b8-5c83d382b651,be3fda75-fc9a-4ef2-837b-baad3ff1b524,lgibbons7m@narod.ru,Lianna Gibbons,Zdzr-m6AT4mJp0Rhvy613g,11/06/2020 14:59,11/06/2020 16:52,6748,FALSE,11/06/2020 13:59,11/06/2020 15:52
Meeting,9bfbeede-c6de-4e06-a7b8-5c83d382b651,be3fda75-fc9a-4ef2-837b-baad3ff1b524,jswateridge7n@imdb.com,Jerrilee Swateridge,,11/06/2020 15:58,11/06/2020 16:34,2192,FALSE,11/06/2020 14:58,11/06/2020 15:34
Meeting,9bfbeede-c6de-4e06-a7b8-5c83d382b651,be3fda75-fc9a-4ef2-837b-baad3ff1b524,browney7o@tinyurl.com,Beckie Rowney,,11/06/2020 14:58,11/06/2020 16:57,7148,FALSE,11/06/2020 13:58,11/06/2020 15:57
Meeting,9bfbeede-c6de-4e06-a7b8-5c83d382b651,be3fda75-fc9a-4ef2-837b-baad3ff1b524,ggoodfellow7p@imageshack.us,Giacomo Goodfellow,6jfYCwnoTTmlfh70wYvhhg,11/06/2020 15:06,11/06/2020 16:18,4290,FALSE,11/06/2020 14:06,11/06/2020 15:18
Meeting,9bfbeede-c6de-4e06-a7b8-5c83d382b651,be3fda75-fc9a-4ef2-837b-baad3ff1b524,fgilhouley7q@fastcompany.com,Farlay Gilhouley,,11/06/2020 14:55,11/06/2020 16:25,5382,FALSE,11/06/2020 13:55,11/06/2020 15:25
Meeting,9bfbeede-c6de-4e06-a7b8-5c83d382b651,be3fda75-fc9a-4ef2-837b-baad3ff1b524,schafney7r@earthlink.net,Sebastiano Chafney,,11/06/2020 15:16,11/06/2020 16:59,6203,FALSE,11/06/2020 14:16,11/06/2020 15:59
Meeting,9bfbeede-c6de-4e06-a7b8-5c83d382b651,be3fda75-fc9a-4ef2-837b-baad3ff1b524,bgrummitt7s@youku.com,Binky Grummitt,,11/06/2020 15:00,11/06/2020 16:57,6988,FALSE,11/06/2020 14:00,11/06/2020 15:57
Meeting,9bfbeede-c6de-4e06-a7b8-5c83d382b651,be3fda75-fc9a-4ef2-837b-baad3ff1b524,lmcelvogue7t@go.com,Laetitia McElvogue,9bB9ostQSj6A9BreM4O_Lg,11/06/2020 15:10,11/06/2020 16:53,6158,FALSE,11/06/2020 14:10,11/06/2020 15:53
Meeting,9bfbeede-c6de-4e06-a7b8-5c83d382b651,be3fda75-fc9a-4ef2-837b-baad3ff1b524,kboake7u@businessinsider.com,Kathlin Boake,,11/06/2020 14:56,11/06/2020 16:59,7426,FALSE,11/06/2020 13:56,11/06/2020 15:59
Meeting,9bfbeede-c6de-4e06-a7b8-5c83d382b651,be3fda75-fc9a-4ef2-837b-baad3ff1b524,hruffell7v@pinterest.com,Haslett Ruffell,,11/06/2020 14:46,11/06/2020 17:00,8035,FALSE,11/06/2020 13:46,11/06/2020 16:00
Meeting,9bfbeede-c6de-4e06-a7b8-5c83d382b651,be3fda75-fc9a-4ef2-837b-baad3ff1b524,tjecks7w@mozilla.com,Theressa Jecks,,11/06/2020 15:19,11/06/2020 15:20,60,FALSE,11/06/2020 14:19,11/06/2020 14:20
Meeting,9bfbeede-c6de-4e06-a7b8-5c83d382b651,be3fda75-fc9a-4ef2-837b-baad3ff1b524,lkightly7x@wordpress.com,Lusa Kightly,,11/06/2020 15:27,11/06/2020 15:44,1016,FALSE,11/06/2020 14:27,11/06/2020 14:44
Meeting,9bfbeede-c6de-4e06-a7b8-5c83d382b651,be3fda75-fc9a-4ef2-837b-baad3ff1b524,sfoskin7y@livejournal.com,Stewart Foskin,,11/06/2020 14:54,11/06/2020 16:55,7252,FALSE,11/06/2020 13:54,11/06/2020 15:55
Meeting,9bfbeede-c6de-4e06-a7b8-5c83d382b651,be3fda75-fc9a-4ef2-837b-baad3ff1b524,abownass80@who.int,Alphard Bownass,kM1U9mwbQoqQkR5l2xeUDQ,11/06/2020 15:03,11/06/2020 16:46,5913,FALSE,11/06/2020 14:03,11/06/2020 15:46
Meeting,9bfbeede-c6de-4e06-a7b8-5c83d382b651,be3fda75-fc9a-4ef2-837b-baad3ff1b524,agoadby81@sbwire.com,Arne Goadby,4QD5qlxlRQOTKYGuICv-0A,11/06/2020 15:02,11/06/2020 17:06,7447,FALSE,11/06/2020 14:02,11/06/2020 16:06
Meeting,9bfbeede-c6de-4e06-a7b8-5c83d382b651,be3fda75-fc9a-4ef2-837b-baad3ff1b524,hettles82@paypal.com,Hyman Ettles,,11/06/2020 14:46,11/06/2020 17:06,8391,FALSE,11/06/2020 13:46,11/06/2020 16:06
Meeting,9bfbeede-c6de-4e06-a7b8-5c83d382b651,be3fda75-fc9a-4ef2-837b-baad3ff1b524,mbernardoni84@theatlantic.com,Marris Bernardoni,,11/06/2020 14:57,11/06/2020 16:49,6739,FALSE,11/06/2020 13:57,11/06/2020 15:49
Meeting,9bfbeede-c6de-4e06-a7b8-5c83d382b651,be3fda75-fc9a-4ef2-837b-baad3ff1b524,enurse85@reference.com,Elspeth Nurse,,11/06/2020 15:00,11/06/2020 16:50,6584,FALSE,11/06/2020 14:00,11/06/2020 15:50
Meeting,9bfbeede-c6de-4e06-a7b8-5c83d382b651,be3fda75-fc9a-4ef2-837b-baad3ff1b524,rkohlerman86@altervista.org,Rhys Kohlerman,,11/06/2020 15:00,11/06/2020 16:45,6314,FALSE,11/06/2020 14:00,11/06/2020 15:45
Meeting,9bfbeede-c6de-4e06-a7b8-5c83d382b651,be3fda75-fc9a-4ef2-837b-baad3ff1b524,efellgatt87@last.fm,Erik Fellgatt,,11/06/2020 14:52,11/06/2020 16:59,7562,FALSE,11/06/2020 13:52,11/06/2020 15:59
Meeting,9bfbeede-c6de-4e06-a7b8-5c83d382b651,be3fda75-fc9a-4ef2-837b-baad3ff1b524,mfernihough88@theguardian.com,Madeleine Fernihough,unlZGg7PSXqWteUYH-lTMQ,11/06/2020 14:47,11/06/2020 17:06,8385,FALSE,11/06/2020 13:47,11/06/2020 16:06
Meeting,9bfbeede-c6de-4e06-a7b8-5c83d382b651,be3fda75-fc9a-4ef2-837b-baad3ff1b524,emcaulay89@thetimes.co.uk,Elfrieda McAulay,,11/06/2020 15:12,11/06/2020 16:59,6434,FALSE,11/06/2020 14:12,11/06/2020 15:59
Meeting,9bfbeede-c6de-4e06-a7b8-5c83d382b651,be3fda75-fc9a-4ef2-837b-baad3ff1b524,hbeeby8a@businesswire.com,Hadria Beeby,,11/06/2020 14:53,11/06/2020 17:06,7992,FALSE,11/06/2020 13:53,11/06/2020 16:06
Meeting,9bfbeede-c6de-4e06-a7b8-5c83d382b651,be3fda75-fc9a-4ef2-837b-baad3ff1b524,mwhiteway8b@nsw.gov.au,Merline Whiteway,7iXIt6XpQCGRAvw2jTWWRw,11/06/2020 15:00,11/06/2020 15:25,1477,FALSE,11/06/2020 14:00,11/06/2020 14:25
Meeting,9bfbeede-c6de-4e06-a7b8-5c83d382b651,be3fda75-fc9a-4ef2-837b-baad3ff1b524,eshier8c@bloomberg.com,Eugenio Shier,,11/06/2020 14:55,11/06/2020 16:50,6880,FALSE,11/06/2020 13:55,11/06/2020 15:50
Meeting,9bfbeede-c6de-4e06-a7b8-5c83d382b651,be3fda75-fc9a-4ef2-837b-baad3ff1b524,lwrightham8d@hud.gov,Linnie Wrightham,,11/06/2020 14:55,11/06/2020 16:57,7293,FALSE,11/06/2020 13:55,11/06/2020 15:57
Meeting,9bfbeede-c6de-4e06-a7b8-5c83d382b651,be3fda75-fc9a-4ef2-837b-baad3ff1b524,atynan8e@flickr.com,Adlai Tynan,,11/06/2020 14:55,11/06/2020 16:46,6619,FALSE,11/06/2020 13:55,11/06/2020 15:46
Meeting,9bfbeede-c6de-4e06-a7b8-5c83d382b651,be3fda75-fc9a-4ef2-837b-baad3ff1b524,emacpaik8f@nifty.com,Egon MacPaik,,11/06/2020 14:55,11/06/2020 16:54,7100,FALSE,11/06/2020 13:55,11/06/2020 15:54
Meeting,9bfbeede-c6de-4e06-a7b8-5c83d382b651,be3fda75-fc9a-4ef2-837b-baad3ff1b524,bzelland8g@japanpost.jp,Bernardina Zelland,,11/06/2020 15:12,11/06/2020 16:49,5818,FALSE,11/06/2020 14:12,11/06/2020 15:49
Meeting,9bfbeede-c6de-4e06-a7b8-5c83d382b651,be3fda75-fc9a-4ef2-837b-baad3ff1b524,gmereweather8h@facebook.com,Gabbie Mereweather,,11/06/2020 16:10,11/06/2020 16:10,6,FALSE,11/06/2020 15:10,11/06/2020 15:10
Meeting,9bfbeede-c6de-4e06-a7b8-5c83d382b651,be3fda75-fc9a-4ef2-837b-baad3ff1b524,cmacentee8i@microsoft.com,Cherey MacEntee,,11/06/2020 14:56,11/06/2020 16:23,5213,FALSE,11/06/2020 13:56,11/06/2020 15:23
Meeting,9bfbeede-c6de-4e06-a7b8-5c83d382b651,be3fda75-fc9a-4ef2-837b-baad3ff1b524,eshrieve8j@tiny.cc,Ernaline Shrieve,,11/06/2020 14:59,11/06/2020 16:53,6858,FALSE,11/06/2020 13:59,11/06/2020 15:53
Meeting,9bfbeede-c6de-4e06-a7b8-5c83d382b651,be3fda75-fc9a-4ef2-837b-baad3ff1b524,acalafate8k@telegraph.co.uk,Addia Calafate,,11/06/2020 15:07,11/06/2020 16:32,5092,FALSE,11/06/2020 14:07,11/06/2020 15:32
Meeting,9bfbeede-c6de-4e06-a7b8-5c83d382b651,be3fda75-fc9a-4ef2-837b-baad3ff1b524,bcasson8l@vk.com,Bendite Casson,,11/06/2020 14:59,11/06/2020 16:49,6595,FALSE,11/06/2020 13:59,11/06/2020 15:49
Meeting,9bfbeede-c6de-4e06-a7b8-5c83d382b651,be3fda75-fc9a-4ef2-837b-baad3ff1b524,acromer8m@thetimes.co.uk,Alejandro Cromer,,11/06/2020 14:59,11/06/2020 16:09,4191,FALSE,11/06/2020 13:59,11/06/2020 15:09
Meeting,9bfbeede-c6de-4e06-a7b8-5c83d382b651,be3fda75-fc9a-4ef2-837b-baad3ff1b524,mmarkus8n@ow.ly,Marje Markus,,11/06/2020 14:55,11/06/2020 16:48,6925,FALSE,11/06/2020 13:55,11/06/2020 15:48
Meeting,9bfbeede-c6de-4e06-a7b8-5c83d382b651,be3fda75-fc9a-4ef2-837b-baad3ff1b524,ozuan8p@comsenz.com,Onofredo Zuan,5zNAqGNXQVuMJcXbk_3Z-w,11/06/2020 14:56,11/06/2020 16:48,6753,FALSE,11/06/2020 13:56,11/06/2020 15:48
Meeting,9bfbeede-c6de-4e06-a7b8-5c83d382b651,be3fda75-fc9a-4ef2-837b-baad3ff1b524,ctaffe8q@addthis.com,Charlene Taffe,imJfCokMQIyAXMDQM_ZpVQ,11/06/2020 15:45,11/06/2020 15:46,35,FALSE,11/06/2020 14:45,11/06/2020 14:46
Meeting,9bfbeede-c6de-4e06-a7b8-5c83d382b651,be3fda75-fc9a-4ef2-837b-baad3ff1b524,redowes8r@aboutads.info,Randal Edowes,6oJGLnm_QpOcqByO9CH9Cg,11/06/2020 14:54,11/06/2020 16:55,7298,FALSE,11/06/2020 13:54,11/06/2020 15:55
Meeting,9bfbeede-c6de-4e06-a7b8-5c83d382b651,be3fda75-fc9a-4ef2-837b-baad3ff1b524,sascrofte8t@networksolutions.com,Sisely Ascrofte,,11/06/2020 14:59,11/06/2020 16:59,7197,FALSE,11/06/2020 13:59,11/06/2020 15:59
Meeting,9bfbeede-c6de-4e06-a7b8-5c83d382b651,be3fda75-fc9a-4ef2-837b-baad3ff1b524,baitcheson8u@barnesandnoble.com,Beck Aitcheson,,11/06/2020 14:59,11/06/2020 16:09,4224,FALSE,11/06/2020 13:59,11/06/2020 15:09
Meeting,9bfbeede-c6de-4e06-a7b8-5c83d382b651,be3fda75-fc9a-4ef2-837b-baad3ff1b524,bgreschke8v@google.co.uk,Berthe Greschke,wLOG1JCaQiKDlWy0uGfySg,11/06/2020 15:19,11/06/2020 15:30,635,FALSE,11/06/2020 14:19,11/06/2020 14:30
Meeting,9bfbeede-c6de-4e06-a7b8-5c83d382b651,be3fda75-fc9a-4ef2-837b-baad3ff1b524,ppolgreen8w@bizjournals.com,Pearce Polgreen,,11/06/2020 14:55,11/06/2020 16:52,7008,FALSE,11/06/2020 13:55,11/06/2020 15:52
Meeting,9bfbeede-c6de-4e06-a7b8-5c83d382b651,be3fda75-fc9a-4ef2-837b-baad3ff1b524,mblasio8x@yellowbook.com,Mellisa Blasio,,11/06/2020 15:01,11/06/2020 16:50,6552,FALSE,11/06/2020 14:01,11/06/2020 15:50
Meeting,9bfbeede-c6de-4e06-a7b8-5c83d382b651,be3fda75-fc9a-4ef2-837b-baad3ff1b524,gbrowne8y@homestead.com,Gabriele Browne,,11/06/2020 15:25,11/06/2020 16:44,4716,FALSE,11/06/2020 14:25,11/06/2020 15:44
Meeting,9bfbeede-c6de-4e06-a7b8-5c83d382b651,be3fda75-fc9a-4ef2-837b-baad3ff1b524,rmacrorie8z@sina.com.cn,Rory MacRorie,,11/06/2020 14:53,11/06/2020 16:48,6902,FALSE,11/06/2020 13:53,11/06/2020 15:48
Meeting,9bfbeede-c6de-4e06-a7b8-5c83d382b651,be3fda75-fc9a-4ef2-837b-baad3ff1b524,bshenfisch90@rambler.ru,Brenna Shenfisch,,11/06/2020 14:47,11/06/2020 16:48,7270,FALSE,11/06/2020 13:47,11/06/2020 15:48
Meeting,9bfbeede-c6de-4e06-a7b8-5c83d382b651,be3fda75-fc9a-4ef2-837b-baad3ff1b524,yjerams91@guardian.co.uk,Yoshiko Jerams,,11/06/2020 15:00,11/06/2020 16:48,6461,FALSE,11/06/2020 14:00,11/06/2020 15:48
Meeting,9bfbeede-c6de-4e06-a7b8-5c83d382b651,be3fda75-fc9a-4ef2-837b-baad3ff1b524,mfarquarson92@joomla.org,Monah Farquarson,,11/06/2020 14:56,11/06/2020 16:56,7185,FALSE,11/06/2020 13:56,11/06/2020 15:56
Meeting,9bfbeede-c6de-4e06-a7b8-5c83d382b651,be3fda75-fc9a-4ef2-837b-baad3ff1b524,zfilgate93@symantec.com,Zollie Filgate,,11/06/2020 14:56,11/06/2020 16:48,6680,FALSE,11/06/2020 13:56,11/06/2020 15:48
Meeting,9bfbeede-c6de-4e06-a7b8-5c83d382b651,be3fda75-fc9a-4ef2-837b-baad3ff1b524,kgilardi94@deliciousdays.com,Kiah Gilardi,,11/06/2020 15:02,11/06/2020 16:59,7023,FALSE,11/06/2020 14:02,11/06/2020 15:59
Meeting,9bfbeede-c6de-4e06-a7b8-5c83d382b651,be3fda75-fc9a-4ef2-837b-baad3ff1b524,cbeavon95@home.pl,Cairistiona Beavon,,11/06/2020 14:51,11/06/2020 16:51,7195,FALSE,11/06/2020 13:51,11/06/2020 15:51
Meeting,9bfbeede-c6de-4e06-a7b8-5c83d382b651,be3fda75-fc9a-4ef2-837b-baad3ff1b524,bpurrier96@fotki.com,Ber Purrier,,11/06/2020 14:52,11/06/2020 16:06,4427,FALSE,11/06/2020 13:52,11/06/2020 15:06
Meeting,9bfbeede-c6de-4e06-a7b8-5c83d382b651,be3fda75-fc9a-4ef2-837b-baad3ff1b524,pcowlas97@abc.net.au,Petra Cowlas,,11/06/2020 14:56,11/06/2020 16:27,5421,FALSE,11/06/2020 13:56,11/06/2020 15:27
Meeting,9bfbeede-c6de-4e06-a7b8-5c83d382b651,be3fda75-fc9a-4ef2-837b-baad3ff1b524,hnorville98@wikispaces.com,Hedda Norville,,11/06/2020 14:49,11/06/2020 16:51,7238,FALSE,11/06/2020 13:49,11/06/2020 15:51
Meeting,9bfbeede-c6de-4e06-a7b8-5c83d382b651,be3fda75-fc9a-4ef2-837b-baad3ff1b524,pstanlick9a@webs.com,Patrice Stanlick,qj4RyrGMR1ysDXrmQ4hz_w,11/06/2020 14:58,11/06/2020 15:42,2633,FALSE,11/06/2020 13:58,11/06/2020 14:42
Meeting,9bfbeede-c6de-4e06-a7b8-5c83d382b651,be3fda75-fc9a-4ef2-837b-baad3ff1b524,thussell9b@comcast.net,Tomaso Hussell,,11/06/2020 14:54,11/06/2020 16:53,7141,FALSE,11/06/2020 13:54,11/06/2020 15:53
Meeting,9bfbeede-c6de-4e06-a7b8-5c83d382b651,be3fda75-fc9a-4ef2-837b-baad3ff1b524,mbristoe9c@oakley.com,Merna Bristoe,LgBExGGXQTKaWEmKzOwNTA,11/06/2020 15:02,11/06/2020 16:56,6813,FALSE,11/06/2020 14:02,11/06/2020 15:56
Meeting,9bfbeede-c6de-4e06-a7b8-5c83d382b651,be3fda75-fc9a-4ef2-837b-baad3ff1b524,nmatthewes9d@zimbio.com,Nonie Matthewes,,11/06/2020 14:57,11/06/2020 15:57,3617,FALSE,11/06/2020 13:57,11/06/2020 14:57
Meeting,9bfbeede-c6de-4e06-a7b8-5c83d382b651,be3fda75-fc9a-4ef2-837b-baad3ff1b524,llarrett9e@ocn.ne.jp,Lyndell Larrett,,11/06/2020 15:05,11/06/2020 16:59,6494,FALSE,11/06/2020 14:05,11/06/2020 15:59
Meeting,9bfbeede-c6de-4e06-a7b8-5c83d382b651,be3fda75-fc9a-4ef2-837b-baad3ff1b524,glovett9f@wordpress.org,Gideon Lovett,,11/06/2020 14:55,11/06/2020 16:51,6918,FALSE,11/06/2020 13:55,11/06/2020 15:51
Meeting,9bfbeede-c6de-4e06-a7b8-5c83d382b651,be3fda75-fc9a-4ef2-837b-baad3ff1b524,fmoulin9g@studiopress.com,Franny Moulin,W30BDBmyTcashRYVI8ypbA,11/06/2020 14:58,11/06/2020 16:48,6605,FALSE,11/06/2020 13:58,11/06/2020 15:48
Meeting,9bfbeede-c6de-4e06-a7b8-5c83d382b651,be3fda75-fc9a-4ef2-837b-baad3ff1b524,gkubas9h@t.co,Ginelle Kubas,,11/06/2020 15:00,11/06/2020 16:48,6443,FALSE,11/06/2020 14:00,11/06/2020 15:48
Meeting,9bfbeede-c6de-4e06-a7b8-5c83d382b651,be3fda75-fc9a-4ef2-837b-baad3ff1b524,kdroghan9i@skyrock.com,Kori Droghan,v9v-c2eqTOy-2x2yiic-5A,11/06/2020 15:00,11/06/2020 16:48,6475,FALSE,11/06/2020 14:00,11/06/2020 15:48
Meeting,9bfbeede-c6de-4e06-a7b8-5c83d382b651,be3fda75-fc9a-4ef2-837b-baad3ff1b524,sberthelet9j@artisteer.com,Sonny Berthelet,,11/06/2020 15:06,11/06/2020 16:55,6546,FALSE,11/06/2020 14:06,11/06/2020 15:55
Meeting,9bfbeede-c6de-4e06-a7b8-5c83d382b651,be3fda75-fc9a-4ef2-837b-baad3ff1b524,sivshin9k@ft.com,Sheridan Ivshin,,11/06/2020 14:54,11/06/2020 16:55,7212,FALSE,11/06/2020 13:54,11/06/2020 15:55
Meeting,9bfbeede-c6de-4e06-a7b8-5c83d382b651,be3fda75-fc9a-4ef2-837b-baad3ff1b524,leallis9m@hao123.com,Laureen Eallis,,11/06/2020 14:57,11/06/2020 16:54,7007,FALSE,11/06/2020 13:57,11/06/2020 15:54
Meeting,9bfbeede-c6de-4e06-a7b8-5c83d382b651,be3fda75-fc9a-4ef2-837b-baad3ff1b524,lblowin9n@webeden.co.uk,Laney Blowin,,11/06/2020 14:55,11/06/2020 16:46,6670,FALSE,11/06/2020 13:55,11/06/2020 15:46
Meeting,9bfbeede-c6de-4e06-a7b8-5c83d382b651,be3fda75-fc9a-4ef2-837b-baad3ff1b524,acastan9o@npr.org,Alisun Castan,9pebv71gQU2lpUXQP4NJtw,11/06/2020 14:49,11/06/2020 16:57,7502,FALSE,11/06/2020 13:49,11/06/2020 15:57
Meeting,9bfbeede-c6de-4e06-a7b8-5c83d382b651,be3fda75-fc9a-4ef2-837b-baad3ff1b524,djelley9p@e-recht24.de,Deeanne Jelley,,11/06/2020 14:58,11/06/2020 16:57,7097,FALSE,11/06/2020 13:58,11/06/2020 15:57
Meeting,9bfbeede-c6de-4e06-a7b8-5c83d382b651,be3fda75-fc9a-4ef2-837b-baad3ff1b524,tkelledy9q@aol.com,Tedmund Kelledy,,11/06/2020 14:56,11/06/2020 16:47,6648,FALSE,11/06/2020 13:56,11/06/2020 15:47
Meeting,32359595-9672-40bd-8c41-2a67814ef50f,daad4f4b-e73d-4bbb-aa2a-c79c2ecb959e,internal_8@theinformationlab.co.uk,internal_8,,25/06/2020 14:49,25/06/2020 17:09,8401,TRUE,25/06/2020 13:49,25/06/2020 16:09
Meeting,32359595-9672-40bd-8c41-2a67814ef50f,daad4f4b-e73d-4bbb-aa2a-c79c2ecb959e,internal_3@theinformationlab.co.uk,internal_3,QHMTVVCaREyneGz1BQu_rg,25/06/2020 14:49,25/06/2020 17:10,8474,TRUE,25/06/2020 13:49,25/06/2020 16:10
Meeting,32359595-9672-40bd-8c41-2a67814ef50f,daad4f4b-e73d-4bbb-aa2a-c79c2ecb959e,internal_1@theinformationlab.co.uk,internal_1,,25/06/2020 14:49,25/06/2020 17:02,8024,TRUE,25/06/2020 13:49,25/06/2020 16:02
Meeting,32359595-9672-40bd-8c41-2a67814ef50f,daad4f4b-e73d-4bbb-aa2a-c79c2ecb959e,internal_7@theinformationlab.co.uk,internal_7,65DxmaIJT0Cm5r3vKXQADw,25/06/2020 15:01,25/06/2020 16:49,6417,TRUE,25/06/2020 14:01,25/06/2020 15:49
Meeting,32359595-9672-40bd-8c41-2a67814ef50f,daad4f4b-e73d-4bbb-aa2a-c79c2ecb959e,internal_6@theinformationlab.co.uk,internal_6,PUu-_cUQTueuNE_Bwm0shA,25/06/2020 14:49,25/06/2020 17:01,7919,TRUE,25/06/2020 13:49,25/06/2020 16:01
Meeting,32359595-9672-40bd-8c41-2a67814ef50f,daad4f4b-e73d-4bbb-aa2a-c79c2ecb959e,internal_6@theinformationlab.co.uk,internal_6,,25/06/2020 15:13,25/06/2020 16:08,3249,TRUE,25/06/2020 14:13,25/06/2020 15:08
Meeting,32359595-9672-40bd-8c41-2a67814ef50f,daad4f4b-e73d-4bbb-aa2a-c79c2ecb959e,cpriddle1@rakuten.co.jp,Cletus Priddle,,25/06/2020 14:57,25/06/2020 16:46,6507,FALSE,25/06/2020 13:57,25/06/2020 15:46
Meeting,32359595-9672-40bd-8c41-2a67814ef50f,daad4f4b-e73d-4bbb-aa2a-c79c2ecb959e,ahercock2@acquirethisname.com,Ardine Hercock,,25/06/2020 15:52,25/06/2020 17:00,4124,FALSE,25/06/2020 14:52,25/06/2020 16:00
Meeting,32359595-9672-40bd-8c41-2a67814ef50f,daad4f4b-e73d-4bbb-aa2a-c79c2ecb959e,ddeakin3@yolasite.com,Darcy Deakin,,25/06/2020 15:02,25/06/2020 17:06,7474,FALSE,25/06/2020 14:02,25/06/2020 16:06
Meeting,32359595-9672-40bd-8c41-2a67814ef50f,daad4f4b-e73d-4bbb-aa2a-c79c2ecb959e,agredden4@wordpress.org,Artemis Gredden,,25/06/2020 15:13,25/06/2020 16:39,5163,FALSE,25/06/2020 14:13,25/06/2020 15:39
Meeting,32359595-9672-40bd-8c41-2a67814ef50f,daad4f4b-e73d-4bbb-aa2a-c79c2ecb959e,jmccurdy5@list-manage.com,Jessamine McCurdy,,25/06/2020 15:03,25/06/2020 16:24,4833,FALSE,25/06/2020 14:03,25/06/2020 15:24
Meeting,32359595-9672-40bd-8c41-2a67814ef50f,daad4f4b-e73d-4bbb-aa2a-c79c2ecb959e,cduncanson6@hexun.com,Carlin Duncanson,,25/06/2020 15:06,25/06/2020 16:52,6326,FALSE,25/06/2020 14:06,25/06/2020 15:52
Meeting,32359595-9672-40bd-8c41-2a67814ef50f,daad4f4b-e73d-4bbb-aa2a-c79c2ecb959e,lboribal7@cocolog-nifty.com,Leigh Boribal,,25/06/2020 14:58,25/06/2020 16:29,5434,FALSE,25/06/2020 13:58,25/06/2020 15:29
Meeting,32359595-9672-40bd-8c41-2a67814ef50f,daad4f4b-e73d-4bbb-aa2a-c79c2ecb959e,dkingaby8@nifty.com,Desdemona Kingaby,,25/06/2020 15:01,25/06/2020 17:01,7193,FALSE,25/06/2020 14:01,25/06/2020 16:01
Meeting,32359595-9672-40bd-8c41-2a67814ef50f,daad4f4b-e73d-4bbb-aa2a-c79c2ecb959e,mmarham9@list-manage.com,Manolo Marham,,25/06/2020 14:50,25/06/2020 16:28,5885,FALSE,25/06/2020 13:50,25/06/2020 15:28
Meeting,32359595-9672-40bd-8c41-2a67814ef50f,daad4f4b-e73d-4bbb-aa2a-c79c2ecb959e,nwortona@nymag.com,Natala Worton,,25/06/2020 15:01,25/06/2020 16:51,6602,FALSE,25/06/2020 14:01,25/06/2020 15:51
Meeting,32359595-9672-40bd-8c41-2a67814ef50f,daad4f4b-e73d-4bbb-aa2a-c79c2ecb959e,lstandidged@newsvine.com,Lemmy Standidge,,25/06/2020 15:02,25/06/2020 17:10,7661,FALSE,25/06/2020 14:02,25/06/2020 16:10
Meeting,32359595-9672-40bd-8c41-2a67814ef50f,daad4f4b-e73d-4bbb-aa2a-c79c2ecb959e,cloughheade@smugmug.com,Cyrillus Loughhead,qA30RSblQkaCHR-dk_uXgQ,25/06/2020 15:01,25/06/2020 16:48,6436,FALSE,25/06/2020 14:01,25/06/2020 15:48
Meeting,32359595-9672-40bd-8c41-2a67814ef50f,daad4f4b-e73d-4bbb-aa2a-c79c2ecb959e,aroelsf@psu.edu,Annadiana Roels,,25/06/2020 15:06,25/06/2020 16:00,3233,FALSE,25/06/2020 14:06,25/06/2020 15:00
Meeting,32359595-9672-40bd-8c41-2a67814ef50f,daad4f4b-e73d-4bbb-aa2a-c79c2ecb959e,bgorickg@slideshare.net,Bernardina Gorick,,25/06/2020 14:51,25/06/2020 16:50,7224,FALSE,25/06/2020 13:51,25/06/2020 15:50
Meeting,32359595-9672-40bd-8c41-2a67814ef50f,daad4f4b-e73d-4bbb-aa2a-c79c2ecb959e,kdoringh@blogger.com,Kerk Doring,,25/06/2020 14:57,25/06/2020 16:31,5670,FALSE,25/06/2020 13:57,25/06/2020 15:31
Meeting,32359595-9672-40bd-8c41-2a67814ef50f,daad4f4b-e73d-4bbb-aa2a-c79c2ecb959e,dtallanti@ucoz.com,Ddene Tallant,,25/06/2020 15:11,25/06/2020 16:55,6239,FALSE,25/06/2020 14:11,25/06/2020 15:55
Meeting,32359595-9672-40bd-8c41-2a67814ef50f,daad4f4b-e73d-4bbb-aa2a-c79c2ecb959e,pmardlinj@cbc.ca,Padriac Mardlin,,25/06/2020 15:08,25/06/2020 16:16,4128,FALSE,25/06/2020 14:08,25/06/2020 15:16
Meeting,32359595-9672-40bd-8c41-2a67814ef50f,daad4f4b-e73d-4bbb-aa2a-c79c2ecb959e,amillbankk@seesaa.net,Alfredo Millbank,,25/06/2020 15:39,25/06/2020 16:30,2992,FALSE,25/06/2020 14:39,25/06/2020 15:30
Meeting,32359595-9672-40bd-8c41-2a67814ef50f,daad4f4b-e73d-4bbb-aa2a-c79c2ecb959e,scrumptonl@chronoengine.com,Sidonnie Crumpton,Zdzr-m6AT4mJp0Rhvy613g,25/06/2020 14:52,25/06/2020 16:27,5689,FALSE,25/06/2020 13:52,25/06/2020 15:27
Meeting,32359595-9672-40bd-8c41-2a67814ef50f,daad4f4b-e73d-4bbb-aa2a-c79c2ecb959e,bcorainim@elpais.com,Boycie Coraini,,25/06/2020 15:02,25/06/2020 16:51,6588,FALSE,25/06/2020 14:02,25/06/2020 15:51
Meeting,32359595-9672-40bd-8c41-2a67814ef50f,daad4f4b-e73d-4bbb-aa2a-c79c2ecb959e,rdottrelln@last.fm,Reggis Dottrell,,25/06/2020 15:33,25/06/2020 17:07,5474,FALSE,25/06/2020 14:33,25/06/2020 16:07
Meeting,32359595-9672-40bd-8c41-2a67814ef50f,daad4f4b-e73d-4bbb-aa2a-c79c2ecb959e,smccruddeno@meetup.com,Susann McCrudden,6jfYCwnoTTmlfh70wYvhhg,25/06/2020 15:04,25/06/2020 16:48,6216,FALSE,25/06/2020 14:04,25/06/2020 15:48
Meeting,32359595-9672-40bd-8c41-2a67814ef50f,daad4f4b-e73d-4bbb-aa2a-c79c2ecb959e,mitzchakip@dot.gov,Murray Itzchaki,,25/06/2020 16:12,25/06/2020 17:10,3501,FALSE,25/06/2020 15:12,25/06/2020 16:10
Meeting,32359595-9672-40bd-8c41-2a67814ef50f,daad4f4b-e73d-4bbb-aa2a-c79c2ecb959e,wsaffranq@altervista.org,Wallache Saffran,tHMVs3zaRpWh4N0TC2Yy_Q,25/06/2020 14:58,25/06/2020 16:53,6851,FALSE,25/06/2020 13:58,25/06/2020 15:53
Meeting,32359595-9672-40bd-8c41-2a67814ef50f,daad4f4b-e73d-4bbb-aa2a-c79c2ecb959e,bmechics@vistaprint.com,Bobina Mechic,,25/06/2020 14:59,25/06/2020 16:27,5274,FALSE,25/06/2020 13:59,25/06/2020 15:27
Meeting,32359595-9672-40bd-8c41-2a67814ef50f,daad4f4b-e73d-4bbb-aa2a-c79c2ecb959e,hondrasekt@t.co,Hazlett Ondrasek,,25/06/2020 14:57,25/06/2020 16:52,6893,FALSE,25/06/2020 13:57,25/06/2020 15:52
Meeting,32359595-9672-40bd-8c41-2a67814ef50f,daad4f4b-e73d-4bbb-aa2a-c79c2ecb959e,zciardov@sakura.ne.jp,Zane Ciardo,kDnMzFq5SYS1ozqfLP_uCA,25/06/2020 14:56,25/06/2020 16:08,4295,FALSE,25/06/2020 13:56,25/06/2020 15:08
Meeting,32359595-9672-40bd-8c41-2a67814ef50f,daad4f4b-e73d-4bbb-aa2a-c79c2ecb959e,afrearw@quantcast.com,Abbey Frear,,25/06/2020 15:00,25/06/2020 16:53,6745,FALSE,25/06/2020 14:00,25/06/2020 15:53
Meeting,32359595-9672-40bd-8c41-2a67814ef50f,daad4f4b-e73d-4bbb-aa2a-c79c2ecb959e,jsexceyx@wisc.edu,Jarrett Sexcey,,25/06/2020 15:00,25/06/2020 16:51,6706,FALSE,25/06/2020 14:00,25/06/2020 15:51
Meeting,32359595-9672-40bd-8c41-2a67814ef50f,daad4f4b-e73d-4bbb-aa2a-c79c2ecb959e,phamony@sun.com,Poppy Hamon,,25/06/2020 15:06,25/06/2020 17:10,7436,FALSE,25/06/2020 14:06,25/06/2020 16:10
Meeting,32359595-9672-40bd-8c41-2a67814ef50f,daad4f4b-e73d-4bbb-aa2a-c79c2ecb959e,dmerrettz@infoseek.co.jp,Doll Merrett,,25/06/2020 15:02,25/06/2020 16:57,6891,FALSE,25/06/2020 14:02,25/06/2020 15:57
Meeting,32359595-9672-40bd-8c41-2a67814ef50f,daad4f4b-e73d-4bbb-aa2a-c79c2ecb959e,ddimitrov10@ted.com,Devlin Dimitrov,9aCKP4yqTHCPb2L50frW0g,25/06/2020 14:55,25/06/2020 16:54,7165,FALSE,25/06/2020 13:55,25/06/2020 15:54
Meeting,32359595-9672-40bd-8c41-2a67814ef50f,daad4f4b-e73d-4bbb-aa2a-c79c2ecb959e,cfynan11@instagram.com,Chadwick Fynan,,25/06/2020 14:57,25/06/2020 16:28,5491,FALSE,25/06/2020 13:57,25/06/2020 15:28
Meeting,32359595-9672-40bd-8c41-2a67814ef50f,daad4f4b-e73d-4bbb-aa2a-c79c2ecb959e,ybouttell12@nature.com,Yale Bouttell,,25/06/2020 14:55,25/06/2020 16:44,6533,FALSE,25/06/2020 13:55,25/06/2020 15:44
Meeting,32359595-9672-40bd-8c41-2a67814ef50f,daad4f4b-e73d-4bbb-aa2a-c79c2ecb959e,squarmby13@google.ca,Sherwin Quarmby,,25/06/2020 15:07,25/06/2020 16:53,6357,FALSE,25/06/2020 14:07,25/06/2020 15:53
Meeting,32359595-9672-40bd-8c41-2a67814ef50f,daad4f4b-e73d-4bbb-aa2a-c79c2ecb959e,wlemonnier14@earthlink.net,Washington Lemonnier,,25/06/2020 15:13,25/06/2020 16:53,6041,FALSE,25/06/2020 14:13,25/06/2020 15:53
Meeting,32359595-9672-40bd-8c41-2a67814ef50f,daad4f4b-e73d-4bbb-aa2a-c79c2ecb959e,obundy16@nytimes.com,Oliviero Bundy,,25/06/2020 15:19,25/06/2020 17:01,6076,FALSE,25/06/2020 14:19,25/06/2020 16:01
Meeting,32359595-9672-40bd-8c41-2a67814ef50f,daad4f4b-e73d-4bbb-aa2a-c79c2ecb959e,jswinley18@va.gov,Jermayne Swinley,,25/06/2020 14:49,25/06/2020 16:52,9107,FALSE,25/06/2020 13:49,25/06/2020 15:52
Meeting,32359595-9672-40bd-8c41-2a67814ef50f,daad4f4b-e73d-4bbb-aa2a-c79c2ecb959e,lrottcher19@naver.com,Loleta Rottcher,,25/06/2020 14:55,25/06/2020 16:19,5047,FALSE,25/06/2020 13:55,25/06/2020 15:19
Meeting,32359595-9672-40bd-8c41-2a67814ef50f,daad4f4b-e73d-4bbb-aa2a-c79c2ecb959e,acess1a@eepurl.com,Aleta Cess,,25/06/2020 14:53,25/06/2020 16:54,7259,FALSE,25/06/2020 13:53,25/06/2020 15:54
Meeting,32359595-9672-40bd-8c41-2a67814ef50f,daad4f4b-e73d-4bbb-aa2a-c79c2ecb959e,lfreeth1c@merriam-webster.com,Lurlene Freeth,,25/06/2020 14:55,25/06/2020 16:57,7329,FALSE,25/06/2020 13:55,25/06/2020 15:57
Meeting,32359595-9672-40bd-8c41-2a67814ef50f,daad4f4b-e73d-4bbb-aa2a-c79c2ecb959e,ebengough1d@mit.edu,Eliza Bengough,,25/06/2020 15:06,25/06/2020 16:56,6628,FALSE,25/06/2020 14:06,25/06/2020 15:56
Meeting,32359595-9672-40bd-8c41-2a67814ef50f,daad4f4b-e73d-4bbb-aa2a-c79c2ecb959e,kcoase1e@latimes.com,Katina Coase,7Hh4MQMcSbqUlLRcK1YvRA,25/06/2020 15:00,25/06/2020 17:10,7813,FALSE,25/06/2020 14:00,25/06/2020 16:10
Meeting,32359595-9672-40bd-8c41-2a67814ef50f,daad4f4b-e73d-4bbb-aa2a-c79c2ecb959e,cpales1f@engadget.com,Cece Pales,,25/06/2020 14:49,25/06/2020 16:31,6109,FALSE,25/06/2020 13:49,25/06/2020 15:31
Meeting,32359595-9672-40bd-8c41-2a67814ef50f,daad4f4b-e73d-4bbb-aa2a-c79c2ecb959e,olavin1g@indiatimes.com,Orlan Lavin,,25/06/2020 15:00,25/06/2020 15:39,2334,FALSE,25/06/2020 14:00,25/06/2020 14:39
Meeting,32359595-9672-40bd-8c41-2a67814ef50f,daad4f4b-e73d-4bbb-aa2a-c79c2ecb959e,kvowden1h@cbslocal.com,Kyla Vowden,Jt_0CyTjTDKyAf0cnLtuUA,25/06/2020 15:01,25/06/2020 17:04,14568,FALSE,25/06/2020 14:01,25/06/2020 16:04
Meeting,32359595-9672-40bd-8c41-2a67814ef50f,daad4f4b-e73d-4bbb-aa2a-c79c2ecb959e,jgorrie1j@123-reg.co.uk,Jessie Gorrie,5mDcYYFCSueG38NQSAX4Ew,25/06/2020 15:05,25/06/2020 16:54,6558,FALSE,25/06/2020 14:05,25/06/2020 15:54
Meeting,32359595-9672-40bd-8c41-2a67814ef50f,daad4f4b-e73d-4bbb-aa2a-c79c2ecb959e,vmccook1k@theguardian.com,Val McCook,qpwcrsfbTe-DRTk3twIXZw,25/06/2020 15:02,25/06/2020 16:49,6367,FALSE,25/06/2020 14:02,25/06/2020 15:49
Meeting,32359595-9672-40bd-8c41-2a67814ef50f,daad4f4b-e73d-4bbb-aa2a-c79c2ecb959e,vgorgler1l@google.nl,Vladimir Gorgler,,25/06/2020 15:28,25/06/2020 17:00,5465,FALSE,25/06/2020 14:28,25/06/2020 16:00
Meeting,32359595-9672-40bd-8c41-2a67814ef50f,daad4f4b-e73d-4bbb-aa2a-c79c2ecb959e,bearl1m@booking.com,Barr Earl,,25/06/2020 15:02,25/06/2020 16:48,6380,FALSE,25/06/2020 14:02,25/06/2020 15:48
Meeting,32359595-9672-40bd-8c41-2a67814ef50f,daad4f4b-e73d-4bbb-aa2a-c79c2ecb959e,aoffin1n@independent.co.uk,Abran Offin,,25/06/2020 15:08,25/06/2020 17:03,4892,FALSE,25/06/2020 14:08,25/06/2020 16:03
Meeting,32359595-9672-40bd-8c41-2a67814ef50f,daad4f4b-e73d-4bbb-aa2a-c79c2ecb959e,liacovacci1o@tamu.edu,Lynnea Iacovacci,,25/06/2020 14:55,25/06/2020 16:53,7076,FALSE,25/06/2020 13:55,25/06/2020 15:53
Meeting,32359595-9672-40bd-8c41-2a67814ef50f,daad4f4b-e73d-4bbb-aa2a-c79c2ecb959e,lbront1p@elpais.com,Loren Bront,,25/06/2020 15:48,25/06/2020 16:51,3778,FALSE,25/06/2020 14:48,25/06/2020 15:51
Meeting,32359595-9672-40bd-8c41-2a67814ef50f,daad4f4b-e73d-4bbb-aa2a-c79c2ecb959e,tswanborough1q@nyu.edu,Tyrone Swanborough,5zNAqGNXQVuMJcXbk_3Z-w,25/06/2020 15:10,25/06/2020 15:43,1967,FALSE,25/06/2020 14:10,25/06/2020 14:43
Meeting,32359595-9672-40bd-8c41-2a67814ef50f,daad4f4b-e73d-4bbb-aa2a-c79c2ecb959e,ddewan1r@theatlantic.com,Dorotea Dewan,EQRR5LmzQxCkiB95m84xVA,25/06/2020 15:04,25/06/2020 16:48,6233,FALSE,25/06/2020 14:04,25/06/2020 15:48
Meeting,32359595-9672-40bd-8c41-2a67814ef50f,daad4f4b-e73d-4bbb-aa2a-c79c2ecb959e,ctours1s@hc360.com,Charlie Tours,,25/06/2020 15:01,25/06/2020 17:10,7745,FALSE,25/06/2020 14:01,25/06/2020 16:10
Meeting,32359595-9672-40bd-8c41-2a67814ef50f,daad4f4b-e73d-4bbb-aa2a-c79c2ecb959e,mpaszek1t@addthis.com,Mavis Paszek,,25/06/2020 15:27,25/06/2020 15:32,316,FALSE,25/06/2020 14:27,25/06/2020 14:32
Meeting,32359595-9672-40bd-8c41-2a67814ef50f,daad4f4b-e73d-4bbb-aa2a-c79c2ecb959e,dsarfas1u@php.net,Daveen Sarfas,,25/06/2020 14:58,25/06/2020 16:52,6820,FALSE,25/06/2020 13:58,25/06/2020 15:52
Meeting,32359595-9672-40bd-8c41-2a67814ef50f,daad4f4b-e73d-4bbb-aa2a-c79c2ecb959e,veynon1v@example.com,Vere Eynon,G3wCA1HlRnqk16Vy7KE_0A,25/06/2020 14:59,25/06/2020 16:53,6802,FALSE,25/06/2020 13:59,25/06/2020 15:53
Meeting,32359595-9672-40bd-8c41-2a67814ef50f,daad4f4b-e73d-4bbb-aa2a-c79c2ecb959e,amaypes1x@howstuffworks.com,Andrej Maypes,,25/06/2020 15:34,25/06/2020 16:10,2183,FALSE,25/06/2020 14:34,25/06/2020 15:10
Meeting,32359595-9672-40bd-8c41-2a67814ef50f,daad4f4b-e73d-4bbb-aa2a-c79c2ecb959e,skettlewell1z@cloudflare.com,Shelagh Kettlewell,,25/06/2020 14:49,25/06/2020 16:38,6558,FALSE,25/06/2020 13:49,25/06/2020 15:38
Meeting,32359595-9672-40bd-8c41-2a67814ef50f,daad4f4b-e73d-4bbb-aa2a-c79c2ecb959e,dbeddis20@yale.edu,Dianemarie Beddis,,25/06/2020 14:49,25/06/2020 16:55,7543,FALSE,25/06/2020 13:49,25/06/2020 15:55
Meeting,32359595-9672-40bd-8c41-2a67814ef50f,daad4f4b-e73d-4bbb-aa2a-c79c2ecb959e,mhadcock21@ameblo.jp,Mahalia Hadcock,,25/06/2020 15:05,25/06/2020 17:10,7516,FALSE,25/06/2020 14:05,25/06/2020 16:10
Meeting,32359595-9672-40bd-8c41-2a67814ef50f,daad4f4b-e73d-4bbb-aa2a-c79c2ecb959e,gfadian22@merriam-webster.com,Gill Fadian,,25/06/2020 15:04,25/06/2020 16:54,6603,FALSE,25/06/2020 14:04,25/06/2020 15:54
Meeting,32359595-9672-40bd-8c41-2a67814ef50f,daad4f4b-e73d-4bbb-aa2a-c79c2ecb959e,pdarcey23@ucoz.ru,Patti Darcey,,25/06/2020 15:01,25/06/2020 17:07,7509,FALSE,25/06/2020 14:01,25/06/2020 16:07
Meeting,32359595-9672-40bd-8c41-2a67814ef50f,daad4f4b-e73d-4bbb-aa2a-c79c2ecb959e,mdigg24@about.com,Marcela Digg,,25/06/2020 14:57,25/06/2020 17:03,7537,FALSE,25/06/2020 13:57,25/06/2020 16:03
Meeting,32359595-9672-40bd-8c41-2a67814ef50f,daad4f4b-e73d-4bbb-aa2a-c79c2ecb959e,bmarcum25@ox.ac.uk,Beulah Marcum,UiIwJL3QReKX-9t5nP4rWw,25/06/2020 16:19,25/06/2020 16:49,1799,FALSE,25/06/2020 15:19,25/06/2020 15:49
Meeting,32359595-9672-40bd-8c41-2a67814ef50f,daad4f4b-e73d-4bbb-aa2a-c79c2ecb959e,knickless26@topsy.com,Kirbie Nickless,,25/06/2020 14:57,25/06/2020 16:53,6960,FALSE,25/06/2020 13:57,25/06/2020 15:53
Meeting,32359595-9672-40bd-8c41-2a67814ef50f,daad4f4b-e73d-4bbb-aa2a-c79c2ecb959e,idrissell28@vistaprint.com,Ingram Drissell,qj4RyrGMR1ysDXrmQ4hz_w,25/06/2020 14:55,25/06/2020 16:47,6715,FALSE,25/06/2020 13:55,25/06/2020 15:47
Meeting,32359595-9672-40bd-8c41-2a67814ef50f,daad4f4b-e73d-4bbb-aa2a-c79c2ecb959e,bpetticrow29@amazon.com,Benedicta Petticrow,,25/06/2020 14:59,25/06/2020 16:49,6613,FALSE,25/06/2020 13:59,25/06/2020 15:49
Meeting,32359595-9672-40bd-8c41-2a67814ef50f,daad4f4b-e73d-4bbb-aa2a-c79c2ecb959e,lbeachem2a@seesaa.net,Lovell Beachem,LgBExGGXQTKaWEmKzOwNTA,25/06/2020 15:03,25/06/2020 16:54,6651,FALSE,25/06/2020 14:03,25/06/2020 15:54
Meeting,32359595-9672-40bd-8c41-2a67814ef50f,daad4f4b-e73d-4bbb-aa2a-c79c2ecb959e,rpetracci2b@nyu.edu,Ronnie Petracci,,25/06/2020 15:01,25/06/2020 16:51,6593,FALSE,25/06/2020 14:01,25/06/2020 15:51
Meeting,32359595-9672-40bd-8c41-2a67814ef50f,daad4f4b-e73d-4bbb-aa2a-c79c2ecb959e,gferson2c@uol.com.br,Gherardo Ferson,,25/06/2020 15:01,25/06/2020 16:53,6547,FALSE,25/06/2020 14:01,25/06/2020 15:53
Meeting,32359595-9672-40bd-8c41-2a67814ef50f,daad4f4b-e73d-4bbb-aa2a-c79c2ecb959e,bhaxbie2d@answers.com,Brnaby Haxbie,W30BDBmyTcashRYVI8ypbA,25/06/2020 15:01,25/06/2020 16:52,6679,FALSE,25/06/2020 14:01,25/06/2020 15:52
Meeting,32359595-9672-40bd-8c41-2a67814ef50f,daad4f4b-e73d-4bbb-aa2a-c79c2ecb959e,tmacknish2e@cbslocal.com,Tobi Macknish,,25/06/2020 14:53,25/06/2020 16:52,7139,FALSE,25/06/2020 13:53,25/06/2020 15:52
Meeting,32359595-9672-40bd-8c41-2a67814ef50f,daad4f4b-e73d-4bbb-aa2a-c79c2ecb959e,apettigree2g@simplemachines.org,Adriaens Pettigree,v9v-c2eqTOy-2x2yiic-5A,25/06/2020 15:02,25/06/2020 16:51,6532,FALSE,25/06/2020 14:02,25/06/2020 15:51
Meeting,32359595-9672-40bd-8c41-2a67814ef50f,daad4f4b-e73d-4bbb-aa2a-c79c2ecb959e,jfurmenger2h@opera.com,Jay Furmenger,,25/06/2020 14:58,25/06/2020 17:06,7687,FALSE,25/06/2020 13:58,25/06/2020 16:06
Meeting,32359595-9672-40bd-8c41-2a67814ef50f,daad4f4b-e73d-4bbb-aa2a-c79c2ecb959e,aesberger2i@whitehouse.gov,Allene Esberger,,25/06/2020 14:57,25/06/2020 16:46,6513,FALSE,25/06/2020 13:57,25/06/2020 15:46
Meeting,32359595-9672-40bd-8c41-2a67814ef50f,daad4f4b-e73d-4bbb-aa2a-c79c2ecb959e,rchamney2j@reuters.com,Rebbecca Chamney,,25/06/2020 14:58,25/06/2020 16:41,6187,FALSE,25/06/2020 13:58,25/06/2020 15:41
Meeting,32359595-9672-40bd-8c41-2a67814ef50f,daad4f4b-e73d-4bbb-aa2a-c79c2ecb959e,tlatliff2k@i2i.jp,Tiphani Latliff,,25/06/2020 15:00,25/06/2020 16:52,6707,FALSE,25/06/2020 14:00,25/06/2020 15:52
Meeting,32359595-9672-40bd-8c41-2a67814ef50f,daad4f4b-e73d-4bbb-aa2a-c79c2ecb959e,akuhle2l@miibeian.gov.cn,Angelia Kuhle,,25/06/2020 14:57,25/06/2020 16:28,5444,FALSE,25/06/2020 13:57,25/06/2020 15:28
Meeting,32359595-9672-40bd-8c41-2a67814ef50f,daad4f4b-e73d-4bbb-aa2a-c79c2ecb959e,dblacksell2m@dot.gov,Drugi Blacksell,,25/06/2020 14:52,25/06/2020 16:52,7243,FALSE,25/06/2020 13:52,25/06/2020 15:52
Meeting,32359595-9672-40bd-8c41-2a67814ef50f,daad4f4b-e73d-4bbb-aa2a-c79c2ecb959e,mgeraudy2n@ehow.com,Meara Geraudy,,25/06/2020 16:05,25/06/2020 16:53,2883,FALSE,25/06/2020 15:05,25/06/2020 15:53
Meeting,32359595-9672-40bd-8c41-2a67814ef50f,daad4f4b-e73d-4bbb-aa2a-c79c2ecb959e,mtoward2o@marketwatch.com,Maiga Toward,,25/06/2020 14:56,25/06/2020 16:52,6700,FALSE,25/06/2020 13:56,25/06/2020 15:52
Meeting,32359595-9672-40bd-8c41-2a67814ef50f,daad4f4b-e73d-4bbb-aa2a-c79c2ecb959e,wstedmond2q@hp.com,Welsh Stedmond,,25/06/2020 15:15,25/06/2020 16:51,5740,FALSE,25/06/2020 14:15,25/06/2020 15:51
Meeting,52ed6939-a980-46d9-b51e-46cf40b2c1e2,e0e56d9d-2734-4414-bd72-4a9b06d01cca,internal_3@theinformationlab.co.uk,internal_3,Qeem8-IwSEOtbCjj4Y0U-A,04/06/2020 14:51,04/06/2020 17:04,8008,TRUE,04/06/2020 13:51,04/06/2020 16:04
Meeting,52ed6939-a980-46d9-b51e-46cf40b2c1e2,e0e56d9d-2734-4414-bd72-4a9b06d01cca,internal_2@theinformationlab.co.uk,internal_2,,04/06/2020 14:52,04/06/2020 16:58,7520,TRUE,04/06/2020 13:52,04/06/2020 15:58
Meeting,52ed6939-a980-46d9-b51e-46cf40b2c1e2,e0e56d9d-2734-4414-bd72-4a9b06d01cca,internal_0@theinformationlab.co.uk,internal_0,ayEo96fBTFyo7lg3vPHlwg,04/06/2020 14:50,04/06/2020 17:12,8546,TRUE,04/06/2020 13:50,04/06/2020 16:12
Meeting,52ed6939-a980-46d9-b51e-46cf40b2c1e2,e0e56d9d-2734-4414-bd72-4a9b06d01cca,internal_8@theinformationlab.co.uk,internal_8,QHMTVVCaREyneGz1BQu_rg,04/06/2020 14:46,04/06/2020 17:12,8762,TRUE,04/06/2020 13:46,04/06/2020 16:12
Meeting,52ed6939-a980-46d9-b51e-46cf40b2c1e2,e0e56d9d-2734-4414-bd72-4a9b06d01cca,internal_8@theinformationlab.co.uk,internal_8,7n-MVXomS_20fKTWyWvaNQ,04/06/2020 14:49,04/06/2020 16:57,7713,TRUE,04/06/2020 13:49,04/06/2020 15:57
Meeting,52ed6939-a980-46d9-b51e-46cf40b2c1e2,e0e56d9d-2734-4414-bd72-4a9b06d01cca,internal_5@theinformationlab.co.uk,internal_5,,04/06/2020 14:49,04/06/2020 17:12,8556,TRUE,04/06/2020 13:49,04/06/2020 16:12
Meeting,52ed6939-a980-46d9-b51e-46cf40b2c1e2,e0e56d9d-2734-4414-bd72-4a9b06d01cca,internal_9@theinformationlab.co.uk,internal_9,,04/06/2020 14:47,04/06/2020 17:03,8195,TRUE,04/06/2020 13:47,04/06/2020 16:03
Meeting,52ed6939-a980-46d9-b51e-46cf40b2c1e2,e0e56d9d-2734-4414-bd72-4a9b06d01cca,chightown4f@slideshare.net,Claudie Hightown,,04/06/2020 14:55,04/06/2020 16:54,7172,FALSE,04/06/2020 13:55,04/06/2020 15:54
Meeting,52ed6939-a980-46d9-b51e-46cf40b2c1e2,e0e56d9d-2734-4414-bd72-4a9b06d01cca,rlappine4g@slashdot.org,Roslyn Lappine,Ji8lQljTSt6N9pb3g_OPxg,04/06/2020 14:59,04/06/2020 17:07,7518,FALSE,04/06/2020 13:59,04/06/2020 16:07
Meeting,52ed6939-a980-46d9-b51e-46cf40b2c1e2,e0e56d9d-2734-4414-bd72-4a9b06d01cca,smaryon4h@furl.net,Shaun Maryon,,04/06/2020 14:57,04/06/2020 16:53,6947,FALSE,04/06/2020 13:57,04/06/2020 15:53
Meeting,52ed6939-a980-46d9-b51e-46cf40b2c1e2,e0e56d9d-2734-4414-bd72-4a9b06d01cca,bpottell4i@instagram.com,Boris Pottell,,04/06/2020 15:26,04/06/2020 17:04,5869,FALSE,04/06/2020 14:26,04/06/2020 16:04
Meeting,52ed6939-a980-46d9-b51e-46cf40b2c1e2,e0e56d9d-2734-4414-bd72-4a9b06d01cca,rcastrillo4j@a8.net,Rutter Castrillo,o9dLITWlR_uMtPNd33ilXg,04/06/2020 14:58,04/06/2020 16:06,4072,FALSE,04/06/2020 13:58,04/06/2020 15:06
Meeting,52ed6939-a980-46d9-b51e-46cf40b2c1e2,e0e56d9d-2734-4414-bd72-4a9b06d01cca,sjellico4k@slashdot.org,Shaylyn Jellico,,04/06/2020 14:58,04/06/2020 17:12,7969,FALSE,04/06/2020 13:58,04/06/2020 16:12
Meeting,52ed6939-a980-46d9-b51e-46cf40b2c1e2,e0e56d9d-2734-4414-bd72-4a9b06d01cca,paslen4l@nyu.edu,Pauly Aslen,,04/06/2020 15:00,04/06/2020 17:03,7373,FALSE,04/06/2020 14:00,04/06/2020 16:03
Meeting,52ed6939-a980-46d9-b51e-46cf40b2c1e2,e0e56d9d-2734-4414-bd72-4a9b06d01cca,pkares4m@digg.com,Pascal Kares,,04/06/2020 15:02,04/06/2020 16:54,6752,FALSE,04/06/2020 14:02,04/06/2020 15:54
Meeting,52ed6939-a980-46d9-b51e-46cf40b2c1e2,e0e56d9d-2734-4414-bd72-4a9b06d01cca,bvan4n@mozilla.org,Briny Van Giffen,,04/06/2020 14:53,04/06/2020 16:40,6452,FALSE,04/06/2020 13:53,04/06/2020 15:40
Meeting,52ed6939-a980-46d9-b51e-46cf40b2c1e2,e0e56d9d-2734-4414-bd72-4a9b06d01cca,sbaison4o@alibaba.com,Sarina Baison,,04/06/2020 14:56,04/06/2020 16:56,7182,FALSE,04/06/2020 13:56,04/06/2020 15:56
Meeting,52ed6939-a980-46d9-b51e-46cf40b2c1e2,e0e56d9d-2734-4414-bd72-4a9b06d01cca,cmcguff4p@shareasale.com,Charla McGuff,,04/06/2020 14:46,04/06/2020 17:04,8237,FALSE,04/06/2020 13:46,04/06/2020 16:04
Meeting,52ed6939-a980-46d9-b51e-46cf40b2c1e2,e0e56d9d-2734-4414-bd72-4a9b06d01cca,nde4q@adobe.com,Nicky de Clerk,,04/06/2020 15:18,04/06/2020 15:22,195,FALSE,04/06/2020 14:18,04/06/2020 14:22
Meeting,52ed6939-a980-46d9-b51e-46cf40b2c1e2,e0e56d9d-2734-4414-bd72-4a9b06d01cca,kbrealey4r@cpanel.net,Katerine Brealey,,04/06/2020 14:46,04/06/2020 17:09,8573,FALSE,04/06/2020 13:46,04/06/2020 16:09
Meeting,52ed6939-a980-46d9-b51e-46cf40b2c1e2,e0e56d9d-2734-4414-bd72-4a9b06d01cca,gspatoni4s@deviantart.com,Gunar Spatoni,,04/06/2020 14:56,04/06/2020 16:12,4554,FALSE,04/06/2020 13:56,04/06/2020 15:12
Meeting,52ed6939-a980-46d9-b51e-46cf40b2c1e2,e0e56d9d-2734-4414-bd72-4a9b06d01cca,jmawford4t@storify.com,Jonis Mawford,,04/06/2020 15:03,04/06/2020 16:53,6638,FALSE,04/06/2020 14:03,04/06/2020 15:53
Meeting,52ed6939-a980-46d9-b51e-46cf40b2c1e2,e0e56d9d-2734-4414-bd72-4a9b06d01cca,gfern4u@shutterfly.com,Gallagher Fern,,04/06/2020 14:58,04/06/2020 16:37,5895,FALSE,04/06/2020 13:58,04/06/2020 15:37
Meeting,52ed6939-a980-46d9-b51e-46cf40b2c1e2,e0e56d9d-2734-4414-bd72-4a9b06d01cca,bmattschas4v@mediafire.com,Bidget Mattschas,,04/06/2020 14:54,04/06/2020 16:58,7448,FALSE,04/06/2020 13:54,04/06/2020 15:58
Meeting,52ed6939-a980-46d9-b51e-46cf40b2c1e2,e0e56d9d-2734-4414-bd72-4a9b06d01cca,fminors4y@wisc.edu,Fitz Minors,lqsZg7eFTBiXjxmHR3r_FA,04/06/2020 15:03,04/06/2020 16:44,6079,FALSE,04/06/2020 14:03,04/06/2020 15:44
Meeting,52ed6939-a980-46d9-b51e-46cf40b2c1e2,e0e56d9d-2734-4414-bd72-4a9b06d01cca,tstaines4z@si.edu,Timofei Staines,,04/06/2020 15:36,04/06/2020 16:12,2164,FALSE,04/06/2020 14:36,04/06/2020 15:12
Meeting,52ed6939-a980-46d9-b51e-46cf40b2c1e2,e0e56d9d-2734-4414-bd72-4a9b06d01cca,dducarel50@nsw.gov.au,Dorthy Ducarel,,04/06/2020 15:00,04/06/2020 15:20,1030,FALSE,04/06/2020 14:00,04/06/2020 14:20
Meeting,52ed6939-a980-46d9-b51e-46cf40b2c1e2,e0e56d9d-2734-4414-bd72-4a9b06d01cca,ckinsman51@marketwatch.com,Carlita Kinsman,,04/06/2020 15:21,04/06/2020 17:13,6721,FALSE,04/06/2020 14:21,04/06/2020 16:13
Meeting,52ed6939-a980-46d9-b51e-46cf40b2c1e2,e0e56d9d-2734-4414-bd72-4a9b06d01cca,bdanielli52@ft.com,Basile Danielli,ffkR5XX9STWzxVuCns7J0A,04/06/2020 14:59,04/06/2020 16:49,6643,FALSE,04/06/2020 13:59,04/06/2020 15:49
Meeting,52ed6939-a980-46d9-b51e-46cf40b2c1e2,e0e56d9d-2734-4414-bd72-4a9b06d01cca,wbreward53@edublogs.org,Wynn Breward,mSKiOc45QPytoBEqYVe0HQ,04/06/2020 15:22,04/06/2020 16:56,5668,FALSE,04/06/2020 14:22,04/06/2020 15:56
Meeting,52ed6939-a980-46d9-b51e-46cf40b2c1e2,e0e56d9d-2734-4414-bd72-4a9b06d01cca,rswindlehurst54@taobao.com,Ritchie Swindlehurst,6jfYCwnoTTmlfh70wYvhhg,04/06/2020 15:03,04/06/2020 16:48,6283,FALSE,04/06/2020 14:03,04/06/2020 15:48
Meeting,52ed6939-a980-46d9-b51e-46cf40b2c1e2,e0e56d9d-2734-4414-bd72-4a9b06d01cca,vsein55@mediafire.com,Vincent Sein,,04/06/2020 15:09,04/06/2020 17:06,11337,FALSE,04/06/2020 14:09,04/06/2020 16:06
Meeting,52ed6939-a980-46d9-b51e-46cf40b2c1e2,e0e56d9d-2734-4414-bd72-4a9b06d01cca,pbangley56@umn.edu,Pippo Bangley,,04/06/2020 14:58,04/06/2020 17:12,8026,FALSE,04/06/2020 13:58,04/06/2020 16:12
Meeting,52ed6939-a980-46d9-b51e-46cf40b2c1e2,e0e56d9d-2734-4414-bd72-4a9b06d01cca,gverrechia57@bluehost.com,Gallard Verrechia,,04/06/2020 14:57,04/06/2020 17:06,7759,FALSE,04/06/2020 13:57,04/06/2020 16:06
Meeting,52ed6939-a980-46d9-b51e-46cf40b2c1e2,e0e56d9d-2734-4414-bd72-4a9b06d01cca,jcarrel58@ebay.com,Juditha Carrel,,04/06/2020 14:58,04/06/2020 17:04,7537,FALSE,04/06/2020 13:58,04/06/2020 16:04
Meeting,52ed6939-a980-46d9-b51e-46cf40b2c1e2,e0e56d9d-2734-4414-bd72-4a9b06d01cca,mneal59@hud.gov,Marlie Neal,,04/06/2020 14:59,04/06/2020 17:03,7440,FALSE,04/06/2020 13:59,04/06/2020 16:03
Meeting,52ed6939-a980-46d9-b51e-46cf40b2c1e2,e0e56d9d-2734-4414-bd72-4a9b06d01cca,mmela5a@drupal.org,Miof mela Laingmaid,,04/06/2020 15:48,04/06/2020 15:49,21,FALSE,04/06/2020 14:48,04/06/2020 14:49
Meeting,52ed6939-a980-46d9-b51e-46cf40b2c1e2,e0e56d9d-2734-4414-bd72-4a9b06d01cca,breekie5b@booking.com,Benji Reekie,,04/06/2020 15:02,04/06/2020 16:57,6905,FALSE,04/06/2020 14:02,04/06/2020 15:57
Meeting,52ed6939-a980-46d9-b51e-46cf40b2c1e2,e0e56d9d-2734-4414-bd72-4a9b06d01cca,rsolloway5c@china.com.cn,Randolph Solloway,,04/06/2020 14:58,04/06/2020 17:04,7561,FALSE,04/06/2020 13:58,04/06/2020 16:04
Meeting,52ed6939-a980-46d9-b51e-46cf40b2c1e2,e0e56d9d-2734-4414-bd72-4a9b06d01cca,dstenners5d@psu.edu,Dalston Stenners,,04/06/2020 15:33,04/06/2020 17:12,5955,FALSE,04/06/2020 14:33,04/06/2020 16:12
Meeting,52ed6939-a980-46d9-b51e-46cf40b2c1e2,e0e56d9d-2734-4414-bd72-4a9b06d01cca,etregensoe5e@ucsd.edu,Eadmund Tregensoe,XIOFP-KgTBal0daiqNYAcA,04/06/2020 14:56,04/06/2020 16:55,7160,FALSE,04/06/2020 13:56,04/06/2020 15:55
Meeting,52ed6939-a980-46d9-b51e-46cf40b2c1e2,e0e56d9d-2734-4414-bd72-4a9b06d01cca,soaker5f@ucsd.edu,Stinky Oaker,,04/06/2020 14:46,04/06/2020 16:00,4406,FALSE,04/06/2020 13:46,04/06/2020 15:00
Meeting,52ed6939-a980-46d9-b51e-46cf40b2c1e2,e0e56d9d-2734-4414-bd72-4a9b06d01cca,bmateiko5g@360.cn,Benson Mateiko,,04/06/2020 14:57,04/06/2020 17:04,7646,FALSE,04/06/2020 13:57,04/06/2020 16:04
Meeting,52ed6939-a980-46d9-b51e-46cf40b2c1e2,e0e56d9d-2734-4414-bd72-4a9b06d01cca,dbartels5h@princeton.edu,Donall Bartels,,04/06/2020 14:53,04/06/2020 17:12,8318,FALSE,04/06/2020 13:53,04/06/2020 16:12
Meeting,52ed6939-a980-46d9-b51e-46cf40b2c1e2,e0e56d9d-2734-4414-bd72-4a9b06d01cca,mgrieg5i@springer.com,Martyn Grieg,,04/06/2020 14:49,04/06/2020 16:54,7542,FALSE,04/06/2020 13:49,04/06/2020 15:54
Meeting,52ed6939-a980-46d9-b51e-46cf40b2c1e2,e0e56d9d-2734-4414-bd72-4a9b06d01cca,mgregoire5j@sciencedirect.com,Morgan Gregoire,,04/06/2020 15:03,04/06/2020 16:13,4166,FALSE,04/06/2020 14:03,04/06/2020 15:13
Meeting,52ed6939-a980-46d9-b51e-46cf40b2c1e2,e0e56d9d-2734-4414-bd72-4a9b06d01cca,ddelacroux5k@weibo.com,Donny Delacroux,unlZGg7PSXqWteUYH-lTMQ,04/06/2020 15:01,04/06/2020 17:09,7418,FALSE,04/06/2020 14:01,04/06/2020 16:09
Meeting,52ed6939-a980-46d9-b51e-46cf40b2c1e2,e0e56d9d-2734-4414-bd72-4a9b06d01cca,rmcmillam5l@statcounter.com,Reinold McMillam,,04/06/2020 14:55,04/06/2020 16:47,6664,FALSE,04/06/2020 13:55,04/06/2020 15:47
Meeting,52ed6939-a980-46d9-b51e-46cf40b2c1e2,e0e56d9d-2734-4414-bd72-4a9b06d01cca,bcatterson5m@newsvine.com,Brita Catterson,,04/06/2020 15:10,04/06/2020 16:52,6064,FALSE,04/06/2020 14:10,04/06/2020 15:52
Meeting,52ed6939-a980-46d9-b51e-46cf40b2c1e2,e0e56d9d-2734-4414-bd72-4a9b06d01cca,tpund5o@vinaora.com,Teodoor Pund,,04/06/2020 15:03,04/06/2020 16:54,6644,FALSE,04/06/2020 14:03,04/06/2020 15:54
Meeting,52ed6939-a980-46d9-b51e-46cf40b2c1e2,e0e56d9d-2734-4414-bd72-4a9b06d01cca,sbollis5p@blogger.com,Seana Bollis,,04/06/2020 14:57,04/06/2020 17:05,7677,FALSE,04/06/2020 13:57,04/06/2020 16:05
Meeting,52ed6939-a980-46d9-b51e-46cf40b2c1e2,e0e56d9d-2734-4414-bd72-4a9b06d01cca,apaolacci5q@freewebs.com,Allyn Paolacci,,04/06/2020 15:54,04/06/2020 17:12,4675,FALSE,04/06/2020 14:54,04/06/2020 16:12
Meeting,52ed6939-a980-46d9-b51e-46cf40b2c1e2,e0e56d9d-2734-4414-bd72-4a9b06d01cca,fpheby5r@rambler.ru,Francyne Pheby,k_8sPMo2Q46Uydka2Gl_4A,04/06/2020 14:59,04/06/2020 16:54,6896,FALSE,04/06/2020 13:59,04/06/2020 15:54
Meeting,52ed6939-a980-46d9-b51e-46cf40b2c1e2,e0e56d9d-2734-4414-bd72-4a9b06d01cca,bdobbson5s@nyu.edu,Bradley Dobbson,,04/06/2020 14:55,04/06/2020 17:05,7756,FALSE,04/06/2020 13:55,04/06/2020 16:05
Meeting,52ed6939-a980-46d9-b51e-46cf40b2c1e2,e0e56d9d-2734-4414-bd72-4a9b06d01cca,jkingswood5t@pcworld.com,Joline Kingswood,,04/06/2020 14:57,04/06/2020 16:56,7061,FALSE,04/06/2020 13:57,04/06/2020 15:56
Meeting,52ed6939-a980-46d9-b51e-46cf40b2c1e2,e0e56d9d-2734-4414-bd72-4a9b06d01cca,awilde5v@flickr.com,Alejandrina Wilde,6oJGLnm_QpOcqByO9CH9Cg,04/06/2020 14:56,04/06/2020 17:12,8170,FALSE,04/06/2020 13:56,04/06/2020 16:12
Meeting,52ed6939-a980-46d9-b51e-46cf40b2c1e2,e0e56d9d-2734-4414-bd72-4a9b06d01cca,zpainter5w@google.ca,Zebulen Painter,,04/06/2020 15:07,04/06/2020 17:12,7475,FALSE,04/06/2020 14:07,04/06/2020 16:12
Meeting,52ed6939-a980-46d9-b51e-46cf40b2c1e2,e0e56d9d-2734-4414-bd72-4a9b06d01cca,bgrishanin5x@dropbox.com,Bellina Grishanin,,04/06/2020 15:04,04/06/2020 15:54,3044,FALSE,04/06/2020 14:04,04/06/2020 14:54
Meeting,52ed6939-a980-46d9-b51e-46cf40b2c1e2,e0e56d9d-2734-4414-bd72-4a9b06d01cca,vsanbrook5y@auda.org.au,Vance Sanbrook,,04/06/2020 15:00,04/06/2020 17:03,7349,FALSE,04/06/2020 14:00,04/06/2020 16:03
Meeting,52ed6939-a980-46d9-b51e-46cf40b2c1e2,e0e56d9d-2734-4414-bd72-4a9b06d01cca,tchaperling5z@dropbox.com,Tania Chaperling,,04/06/2020 15:34,04/06/2020 17:11,5847,FALSE,04/06/2020 14:34,04/06/2020 16:11
Meeting,52ed6939-a980-46d9-b51e-46cf40b2c1e2,e0e56d9d-2734-4414-bd72-4a9b06d01cca,jflancinbaum60@imageshack.us,Joceline Flancinbaum,uYkjofyeSmOw425fjrC65w,04/06/2020 14:51,04/06/2020 16:49,7221,FALSE,04/06/2020 13:51,04/06/2020 15:49
Meeting,52ed6939-a980-46d9-b51e-46cf40b2c1e2,e0e56d9d-2734-4414-bd72-4a9b06d01cca,jbohje61@studiopress.com,Jeremy Bohje,,04/06/2020 15:12,04/06/2020 16:53,6095,FALSE,04/06/2020 14:12,04/06/2020 15:53
Meeting,52ed6939-a980-46d9-b51e-46cf40b2c1e2,e0e56d9d-2734-4414-bd72-4a9b06d01cca,ggillease62@businessweek.com,Gusella Gillease,,04/06/2020 14:50,04/06/2020 16:49,7123,FALSE,04/06/2020 13:50,04/06/2020 15:49
Meeting,52ed6939-a980-46d9-b51e-46cf40b2c1e2,e0e56d9d-2734-4414-bd72-4a9b06d01cca,kkynd63@pbs.org,Kerby Kynd,,04/06/2020 14:52,04/06/2020 17:03,7855,FALSE,04/06/2020 13:52,04/06/2020 16:03
Meeting,52ed6939-a980-46d9-b51e-46cf40b2c1e2,e0e56d9d-2734-4414-bd72-4a9b06d01cca,trosin64@wikia.com,Thorn Rosin,,04/06/2020 14:53,04/06/2020 17:00,7613,FALSE,04/06/2020 13:53,04/06/2020 16:00
Meeting,52ed6939-a980-46d9-b51e-46cf40b2c1e2,e0e56d9d-2734-4414-bd72-4a9b06d01cca,ssavin65@ucoz.ru,Stu Savin,,04/06/2020 15:03,04/06/2020 16:52,6529,FALSE,04/06/2020 14:03,04/06/2020 15:52
Meeting,52ed6939-a980-46d9-b51e-46cf40b2c1e2,e0e56d9d-2734-4414-bd72-4a9b06d01cca,prounsefell66@123-reg.co.uk,Peadar Rounsefell,,04/06/2020 15:21,04/06/2020 16:52,5436,FALSE,04/06/2020 14:21,04/06/2020 15:52
Meeting,52ed6939-a980-46d9-b51e-46cf40b2c1e2,e0e56d9d-2734-4414-bd72-4a9b06d01cca,cgobel67@gmpg.org,Caralie Gobel,,04/06/2020 15:10,04/06/2020 16:51,6108,FALSE,04/06/2020 14:10,04/06/2020 15:51
Meeting,52ed6939-a980-46d9-b51e-46cf40b2c1e2,e0e56d9d-2734-4414-bd72-4a9b06d01cca,egreenrod68@nifty.com,Elvera Greenrod,,04/06/2020 14:56,04/06/2020 16:57,7295,FALSE,04/06/2020 13:56,04/06/2020 15:57
Meeting,52ed6939-a980-46d9-b51e-46cf40b2c1e2,e0e56d9d-2734-4414-bd72-4a9b06d01cca,bsollime69@netvibes.com,Byrle Sollime,,04/06/2020 14:49,04/06/2020 16:56,7592,FALSE,04/06/2020 13:49,04/06/2020 15:56
Meeting,52ed6939-a980-46d9-b51e-46cf40b2c1e2,e0e56d9d-2734-4414-bd72-4a9b06d01cca,slockless6a@apache.org,Stefa Lockless,qj4RyrGMR1ysDXrmQ4hz_w,04/06/2020 14:57,04/06/2020 16:54,7042,FALSE,04/06/2020 13:57,04/06/2020 15:54
Meeting,52ed6939-a980-46d9-b51e-46cf40b2c1e2,e0e56d9d-2734-4414-bd72-4a9b06d01cca,wleyson6b@auda.org.au,Wain Leyson,,04/06/2020 14:58,04/06/2020 16:36,4522,FALSE,04/06/2020 13:58,04/06/2020 15:36
Meeting,52ed6939-a980-46d9-b51e-46cf40b2c1e2,e0e56d9d-2734-4414-bd72-4a9b06d01cca,hbengtsen6c@usgs.gov,Hadrian Bengtsen,LgBExGGXQTKaWEmKzOwNTA,04/06/2020 14:58,04/06/2020 17:04,7542,FALSE,04/06/2020 13:58,04/06/2020 16:04
Meeting,52ed6939-a980-46d9-b51e-46cf40b2c1e2,e0e56d9d-2734-4414-bd72-4a9b06d01cca,ckibbel6d@ftc.gov,Cosetta Kibbel,,04/06/2020 15:02,04/06/2020 17:06,7387,FALSE,04/06/2020 14:02,04/06/2020 16:06
Meeting,52ed6939-a980-46d9-b51e-46cf40b2c1e2,e0e56d9d-2734-4414-bd72-4a9b06d01cca,cheymann6g@hao123.com,Chauncey Heymann,,04/06/2020 15:07,04/06/2020 16:51,6298,FALSE,04/06/2020 14:07,04/06/2020 15:51
Meeting,52ed6939-a980-46d9-b51e-46cf40b2c1e2,e0e56d9d-2734-4414-bd72-4a9b06d01cca,hpenzer6h@moonfruit.com,Hendrick Penzer,,04/06/2020 15:05,04/06/2020 15:45,2430,FALSE,04/06/2020 14:05,04/06/2020 14:45
Meeting,52ed6939-a980-46d9-b51e-46cf40b2c1e2,e0e56d9d-2734-4414-bd72-4a9b06d01cca,lvasyutkin6k@ucla.edu,Lexie Vasyutkin,W30BDBmyTcashRYVI8ypbA,04/06/2020 14:52,04/06/2020 16:49,7064,FALSE,04/06/2020 13:52,04/06/2020 15:49
Meeting,52ed6939-a980-46d9-b51e-46cf40b2c1e2,e0e56d9d-2734-4414-bd72-4a9b06d01cca,srayhill6l@psu.edu,Stephanus Rayhill,,04/06/2020 14:50,04/06/2020 17:04,7544,FALSE,04/06/2020 13:50,04/06/2020 16:04
Meeting,52ed6939-a980-46d9-b51e-46cf40b2c1e2,e0e56d9d-2734-4414-bd72-4a9b06d01cca,mjozef6n@jiathis.com,Misty Jozef,,04/06/2020 16:24,04/06/2020 16:25,23,FALSE,04/06/2020 15:24,04/06/2020 15:25
Meeting,52ed6939-a980-46d9-b51e-46cf40b2c1e2,e0e56d9d-2734-4414-bd72-4a9b06d01cca,horowane6o@photobucket.com,Hilary O'Rowane,,04/06/2020 14:54,04/06/2020 16:56,7191,FALSE,04/06/2020 13:54,04/06/2020 15:56
Meeting,52ed6939-a980-46d9-b51e-46cf40b2c1e2,e0e56d9d-2734-4414-bd72-4a9b06d01cca,cgrimsley6q@nyu.edu,Coop Grimsley,,04/06/2020 15:34,04/06/2020 17:00,5192,FALSE,04/06/2020 14:34,04/06/2020 16:00
Meeting,52ed6939-a980-46d9-b51e-46cf40b2c1e2,e0e56d9d-2734-4414-bd72-4a9b06d01cca,milyin6r@shinystat.com,Marget Ilyin,eQrUMTMjSS6J_ywIIdq6Lg,04/06/2020 15:29,04/06/2020 15:43,853,FALSE,04/06/2020 14:29,04/06/2020 14:43
Meeting,52ed6939-a980-46d9-b51e-46cf40b2c1e2,e0e56d9d-2734-4414-bd72-4a9b06d01cca,jrobjents6s@rediff.com,Jarred Robjents,,04/06/2020 14:52,04/06/2020 16:49,7007,FALSE,04/06/2020 13:52,04/06/2020 15:49
Meeting,52ed6939-a980-46d9-b51e-46cf40b2c1e2,e0e56d9d-2734-4414-bd72-4a9b06d01cca,showley6t@ca.gov,Sully Howley,czSekhoERCuqZggW-AGmyA,04/06/2020 14:57,04/06/2020 16:55,7093,FALSE,04/06/2020 13:57,04/06/2020 15:55
Meeting,52ed6939-a980-46d9-b51e-46cf40b2c1e2,e0e56d9d-2734-4414-bd72-4a9b06d01cca,cbraidford6u@sourceforge.net,Carline Braidford,,04/06/2020 15:08,04/06/2020 16:52,6210,FALSE,04/06/2020 14:08,04/06/2020 15:52
Meeting,52ed6939-a980-46d9-b51e-46cf40b2c1e2,e0e56d9d-2734-4414-bd72-4a9b06d01cca,gpettis6v@nationalgeographic.com,Guinna Pettis,,04/06/2020 14:56,04/06/2020 17:12,8180,FALSE,04/06/2020 13:56,04/06/2020 16:12
Meeting,52ed6939-a980-46d9-b51e-46cf40b2c1e2,e0e56d9d-2734-4414-bd72-4a9b06d01cca,tlawlance6w@delicious.com,Thalia Lawlance,5dk8KhbGSoaT7cQernrRjw,04/06/2020 15:59,04/06/2020 16:11,716,FALSE,04/06/2020 14:59,04/06/2020 15:11
Meeting,52ed6939-a980-46d9-b51e-46cf40b2c1e2,e0e56d9d-2734-4414-bd72-4a9b06d01cca,fkowal6x@eventbrite.com,Fabien Kowal,,04/06/2020 14:55,04/06/2020 16:55,7193,FALSE,04/06/2020 13:55,04/06/2020 15:55
Meeting,52ed6939-a980-46d9-b51e-46cf40b2c1e2,e0e56d9d-2734-4414-bd72-4a9b06d01cca,afazan6y@technorati.com,Aurore Fazan,,04/06/2020 14:54,04/06/2020 17:11,8203,FALSE,04/06/2020 13:54,04/06/2020 16:11
Meeting,52ed6939-a980-46d9-b51e-46cf40b2c1e2,e0e56d9d-2734-4414-bd72-4a9b06d01cca,loscanlon6z@adobe.com,Lexine O'Scanlon,,04/06/2020 15:00,04/06/2020 17:03,7365,FALSE,04/06/2020 14:00,04/06/2020 16:03
Meeting,52ed6939-a980-46d9-b51e-46cf40b2c1e2,e0e56d9d-2734-4414-bd72-4a9b06d01cca,jdalliwatr70@nsw.gov.au,Jeralee Dalliwatr,,04/06/2020 15:01,04/06/2020 17:12,7841,FALSE,04/06/2020 14:01,04/06/2020 16:12
Meeting,0489beee-9092-4b6f-8d68-0510255321fd,fc743ce9-ce08-42df-be04-dfc6874cb30a,internal_5@theinformationlab.co.uk,internal_5,6fi6Qt9fRsCXvsBCYHPj6Q,18/06/2020 14:49,18/06/2020 16:42,6802,TRUE,18/06/2020 13:49,18/06/2020 15:42
Meeting,0489beee-9092-4b6f-8d68-0510255321fd,fc743ce9-ce08-42df-be04-dfc6874cb30a,internal_6@theinformationlab.co.uk,internal_6,QHMTVVCaREyneGz1BQu_rg,18/06/2020 14:49,18/06/2020 17:08,8305,TRUE,18/06/2020 13:49,18/06/2020 16:08
Meeting,0489beee-9092-4b6f-8d68-0510255321fd,fc743ce9-ce08-42df-be04-dfc6874cb30a,internal_7@theinformationlab.co.uk,internal_7,QQziaimVS2WkAxlntWFT2Q,18/06/2020 14:49,18/06/2020 16:51,14478,TRUE,18/06/2020 13:49,18/06/2020 15:51
Meeting,0489beee-9092-4b6f-8d68-0510255321fd,fc743ce9-ce08-42df-be04-dfc6874cb30a,internal_5@theinformationlab.co.uk,internal_5,65DxmaIJT0Cm5r3vKXQADw,18/06/2020 14:49,18/06/2020 16:49,7219,TRUE,18/06/2020 13:49,18/06/2020 15:49
Meeting,0489beee-9092-4b6f-8d68-0510255321fd,fc743ce9-ce08-42df-be04-dfc6874cb30a,internal_6@theinformationlab.co.uk,internal_6,,18/06/2020 14:51,18/06/2020 17:08,8218,TRUE,18/06/2020 13:51,18/06/2020 16:08
Meeting,0489beee-9092-4b6f-8d68-0510255321fd,fc743ce9-ce08-42df-be04-dfc6874cb30a,fgudgeonav@photobucket.com,Fletch Gudgeon,,18/06/2020 14:49,18/06/2020 16:45,6955,FALSE,18/06/2020 13:49,18/06/2020 15:45
Meeting,0489beee-9092-4b6f-8d68-0510255321fd,fc743ce9-ce08-42df-be04-dfc6874cb30a,lstampaw@moonfruit.com,Lawton Stamp,,18/06/2020 15:00,18/06/2020 15:45,2690,FALSE,18/06/2020 14:00,18/06/2020 14:45
Meeting,0489beee-9092-4b6f-8d68-0510255321fd,fc743ce9-ce08-42df-be04-dfc6874cb30a,bbusseyax@dailymail.co.uk,Berthe Bussey,,18/06/2020 15:03,18/06/2020 15:51,2823,FALSE,18/06/2020 14:03,18/06/2020 14:51
Meeting,0489beee-9092-4b6f-8d68-0510255321fd,fc743ce9-ce08-42df-be04-dfc6874cb30a,criddeoughay@ask.com,Caritta Riddeough,Ji8lQljTSt6N9pb3g_OPxg,18/06/2020 14:57,18/06/2020 17:04,7595,FALSE,18/06/2020 13:57,18/06/2020 16:04
Meeting,0489beee-9092-4b6f-8d68-0510255321fd,fc743ce9-ce08-42df-be04-dfc6874cb30a,mmathonaz@mediafire.com,Menard Mathon,,18/06/2020 15:12,18/06/2020 16:48,5287,FALSE,18/06/2020 14:12,18/06/2020 15:48
Meeting,0489beee-9092-4b6f-8d68-0510255321fd,fc743ce9-ce08-42df-be04-dfc6874cb30a,svasyaevb0@sogou.com,Sunshine Vasyaev,,18/06/2020 14:55,18/06/2020 15:38,2624,FALSE,18/06/2020 13:55,18/06/2020 14:38
Meeting,0489beee-9092-4b6f-8d68-0510255321fd,fc743ce9-ce08-42df-be04-dfc6874cb30a,ywalaronb1@dyndns.org,Yancey Walaron,,18/06/2020 14:56,18/06/2020 17:08,7876,FALSE,18/06/2020 13:56,18/06/2020 16:08
Meeting,0489beee-9092-4b6f-8d68-0510255321fd,fc743ce9-ce08-42df-be04-dfc6874cb30a,cdansieb2@mysql.com,Cam Dansie,,18/06/2020 14:58,18/06/2020 16:48,6593,FALSE,18/06/2020 13:58,18/06/2020 15:48
Meeting,0489beee-9092-4b6f-8d68-0510255321fd,fc743ce9-ce08-42df-be04-dfc6874cb30a,cklimaszewskib3@jimdo.com,Courtnay Klimaszewski,eL2oUsAkTgq0u0fdLk6s7A,18/06/2020 15:03,18/06/2020 16:10,333,FALSE,18/06/2020 14:03,18/06/2020 15:10
Meeting,0489beee-9092-4b6f-8d68-0510255321fd,fc743ce9-ce08-42df-be04-dfc6874cb30a,fstreteb4@cpanel.net,Fidole Strete,,18/06/2020 14:52,18/06/2020 16:45,6763,FALSE,18/06/2020 13:52,18/06/2020 15:45
Meeting,0489beee-9092-4b6f-8d68-0510255321fd,fc743ce9-ce08-42df-be04-dfc6874cb30a,hcolletb5@tumblr.com,Hewett Collet,,18/06/2020 14:58,18/06/2020 16:49,6652,FALSE,18/06/2020 13:58,18/06/2020 15:49
Meeting,0489beee-9092-4b6f-8d68-0510255321fd,fc743ce9-ce08-42df-be04-dfc6874cb30a,rdabnorb6@opera.com,Renaud Dabnor,,18/06/2020 15:03,18/06/2020 15:51,2888,FALSE,18/06/2020 14:03,18/06/2020 14:51
Meeting,0489beee-9092-4b6f-8d68-0510255321fd,fc743ce9-ce08-42df-be04-dfc6874cb30a,jlarverb7@moonfruit.com,Jacob Larver,,18/06/2020 15:04,18/06/2020 17:01,6966,FALSE,18/06/2020 14:04,18/06/2020 16:01
Meeting,0489beee-9092-4b6f-8d68-0510255321fd,fc743ce9-ce08-42df-be04-dfc6874cb30a,kelsmoreb8@usgs.gov,Kyla Elsmore,,18/06/2020 15:05,18/06/2020 16:26,4872,FALSE,18/06/2020 14:05,18/06/2020 15:26
Meeting,0489beee-9092-4b6f-8d68-0510255321fd,fc743ce9-ce08-42df-be04-dfc6874cb30a,cgoodburb9@hc360.com,Corene Goodbur,,18/06/2020 14:57,18/06/2020 16:25,5296,FALSE,18/06/2020 13:57,18/06/2020 15:25
Meeting,0489beee-9092-4b6f-8d68-0510255321fd,fc743ce9-ce08-42df-be04-dfc6874cb30a,krichlyba@ft.com,Kellia Richly,,18/06/2020 14:49,18/06/2020 17:05,8167,FALSE,18/06/2020 13:49,18/06/2020 16:05
Meeting,0489beee-9092-4b6f-8d68-0510255321fd,fc743ce9-ce08-42df-be04-dfc6874cb30a,cgylesbc@illinois.edu,Celinka Gyles,,18/06/2020 15:07,18/06/2020 16:49,6125,FALSE,18/06/2020 14:07,18/06/2020 15:49
Meeting,0489beee-9092-4b6f-8d68-0510255321fd,fc743ce9-ce08-42df-be04-dfc6874cb30a,dsilvermanbd@cdc.gov,Donetta Silverman,,18/06/2020 15:00,18/06/2020 15:59,3530,FALSE,18/06/2020 14:00,18/06/2020 14:59
Meeting,0489beee-9092-4b6f-8d68-0510255321fd,fc743ce9-ce08-42df-be04-dfc6874cb30a,myannonibe@ibm.com,Murial Yannoni,Zdzr-m6AT4mJp0Rhvy613g,18/06/2020 14:55,18/06/2020 16:40,6262,FALSE,18/06/2020 13:55,18/06/2020 15:40
Meeting,0489beee-9092-4b6f-8d68-0510255321fd,fc743ce9-ce08-42df-be04-dfc6874cb30a,rdmychbf@jigsy.com,Randene Dmych,,18/06/2020 14:50,18/06/2020 16:44,6673,FALSE,18/06/2020 13:50,18/06/2020 15:44
Meeting,0489beee-9092-4b6f-8d68-0510255321fd,fc743ce9-ce08-42df-be04-dfc6874cb30a,garangybg@sogou.com,Garald Arangy,oh9aElW9Sl-aNHlWcwz7aw,18/06/2020 16:43,18/06/2020 16:47,264,FALSE,18/06/2020 15:43,18/06/2020 15:47
Meeting,0489beee-9092-4b6f-8d68-0510255321fd,fc743ce9-ce08-42df-be04-dfc6874cb30a,eokellybh@youtube.com,Evelyn O'Kelly,,18/06/2020 15:09,18/06/2020 17:08,12773,FALSE,18/06/2020 14:09,18/06/2020 16:08
Meeting,0489beee-9092-4b6f-8d68-0510255321fd,fc743ce9-ce08-42df-be04-dfc6874cb30a,tmaassbi@stumbleupon.com,Terrell Maass,6jfYCwnoTTmlfh70wYvhhg,18/06/2020 15:03,18/06/2020 15:29,1531,FALSE,18/06/2020 14:03,18/06/2020 14:29
Meeting,0489beee-9092-4b6f-8d68-0510255321fd,fc743ce9-ce08-42df-be04-dfc6874cb30a,lwillartonbk@dailymail.co.uk,Lianne Willarton,,18/06/2020 15:02,18/06/2020 15:05,226,FALSE,18/06/2020 14:02,18/06/2020 14:05
Meeting,0489beee-9092-4b6f-8d68-0510255321fd,fc743ce9-ce08-42df-be04-dfc6874cb30a,rcicculinibl@upenn.edu,Rosco Cicculini,,18/06/2020 15:06,18/06/2020 17:08,7293,FALSE,18/06/2020 14:06,18/06/2020 16:08
Meeting,0489beee-9092-4b6f-8d68-0510255321fd,fc743ce9-ce08-42df-be04-dfc6874cb30a,npickavantbm@alibaba.com,Nonna Pickavant,,18/06/2020 14:54,18/06/2020 17:08,8032,FALSE,18/06/2020 13:54,18/06/2020 16:08
Meeting,0489beee-9092-4b6f-8d68-0510255321fd,fc743ce9-ce08-42df-be04-dfc6874cb30a,acolquetebn@t-online.de,Althea Colquete,,18/06/2020 15:09,18/06/2020 16:58,6576,FALSE,18/06/2020 14:09,18/06/2020 15:58
Meeting,0489beee-9092-4b6f-8d68-0510255321fd,fc743ce9-ce08-42df-be04-dfc6874cb30a,isunnerbo@nsw.gov.au,Isidro Sunner,,18/06/2020 14:49,18/06/2020 17:03,8063,FALSE,18/06/2020 13:49,18/06/2020 16:03
Meeting,0489beee-9092-4b6f-8d68-0510255321fd,fc743ce9-ce08-42df-be04-dfc6874cb30a,tkunradbp@columbia.edu,Tony Kunrad,,18/06/2020 15:12,18/06/2020 17:08,6897,FALSE,18/06/2020 14:12,18/06/2020 16:08
Meeting,0489beee-9092-4b6f-8d68-0510255321fd,fc743ce9-ce08-42df-be04-dfc6874cb30a,ihadekebq@prnewswire.com,Issiah Hadeke,,18/06/2020 15:02,18/06/2020 17:09,7615,FALSE,18/06/2020 14:02,18/06/2020 16:09
Meeting,0489beee-9092-4b6f-8d68-0510255321fd,fc743ce9-ce08-42df-be04-dfc6874cb30a,mshottinbr@discuz.net,Marlin Shottin,,18/06/2020 14:49,18/06/2020 16:38,6474,FALSE,18/06/2020 13:49,18/06/2020 15:38
Meeting,0489beee-9092-4b6f-8d68-0510255321fd,fc743ce9-ce08-42df-be04-dfc6874cb30a,ikraftbs@illinois.edu,Ignatius Kraft,,18/06/2020 14:57,18/06/2020 16:39,6147,FALSE,18/06/2020 13:57,18/06/2020 15:39
Meeting,0489beee-9092-4b6f-8d68-0510255321fd,fc743ce9-ce08-42df-be04-dfc6874cb30a,cmcevoybt@biglobe.ne.jp,Carver McEvoy,,18/06/2020 14:55,18/06/2020 16:47,6735,FALSE,18/06/2020 13:55,18/06/2020 15:47
Meeting,0489beee-9092-4b6f-8d68-0510255321fd,fc743ce9-ce08-42df-be04-dfc6874cb30a,bthunnerclefbu@imageshack.us,Bennie Thunnerclef,,18/06/2020 14:54,18/06/2020 16:22,5143,FALSE,18/06/2020 13:54,18/06/2020 15:22
Meeting,0489beee-9092-4b6f-8d68-0510255321fd,fc743ce9-ce08-42df-be04-dfc6874cb30a,ktrenchbv@wunderground.com,Kingsly Trench,,18/06/2020 14:58,18/06/2020 17:03,7502,FALSE,18/06/2020 13:58,18/06/2020 16:03
Meeting,0489beee-9092-4b6f-8d68-0510255321fd,fc743ce9-ce08-42df-be04-dfc6874cb30a,nsleichtbw@cnbc.com,Neil Sleicht,,18/06/2020 14:53,18/06/2020 16:58,7510,FALSE,18/06/2020 13:53,18/06/2020 15:58
Meeting,0489beee-9092-4b6f-8d68-0510255321fd,fc743ce9-ce08-42df-be04-dfc6874cb30a,ebreadonbx@prweb.com,Ezra Breadon,unlZGg7PSXqWteUYH-lTMQ,18/06/2020 14:56,18/06/2020 17:08,7803,FALSE,18/06/2020 13:56,18/06/2020 16:08
Meeting,0489beee-9092-4b6f-8d68-0510255321fd,fc743ce9-ce08-42df-be04-dfc6874cb30a,agraftonherbertby@columbia.edu,Aindrea Grafton-Herbert,,18/06/2020 15:01,18/06/2020 17:05,7400,FALSE,18/06/2020 14:01,18/06/2020 16:05
Meeting,0489beee-9092-4b6f-8d68-0510255321fd,fc743ce9-ce08-42df-be04-dfc6874cb30a,gcousinbz@prweb.com,Goober Cousin,,18/06/2020 14:49,18/06/2020 16:47,7088,FALSE,18/06/2020 13:49,18/06/2020 15:47
Meeting,0489beee-9092-4b6f-8d68-0510255321fd,fc743ce9-ce08-42df-be04-dfc6874cb30a,kantoinetc0@gmpg.org,Kati Antoinet,,18/06/2020 15:07,18/06/2020 17:05,7043,FALSE,18/06/2020 14:07,18/06/2020 16:05
Meeting,0489beee-9092-4b6f-8d68-0510255321fd,fc743ce9-ce08-42df-be04-dfc6874cb30a,jgiacomellic1@rakuten.co.jp,Josie Giacomelli,7Hh4MQMcSbqUlLRcK1YvRA,18/06/2020 15:04,18/06/2020 15:08,239,FALSE,18/06/2020 14:04,18/06/2020 14:08
Meeting,0489beee-9092-4b6f-8d68-0510255321fd,fc743ce9-ce08-42df-be04-dfc6874cb30a,mstaplefordc2@usa.gov,Madelaine Stapleford,,18/06/2020 14:56,18/06/2020 15:38,2482,FALSE,18/06/2020 13:56,18/06/2020 14:38
Meeting,0489beee-9092-4b6f-8d68-0510255321fd,fc743ce9-ce08-42df-be04-dfc6874cb30a,glantaffc3@networksolutions.com,Gasparo Lantaff,,18/06/2020 14:51,18/06/2020 17:01,7802,FALSE,18/06/2020 13:51,18/06/2020 16:01
Meeting,0489beee-9092-4b6f-8d68-0510255321fd,fc743ce9-ce08-42df-be04-dfc6874cb30a,tcorrec4@cafepress.com,Trixie Corre,,18/06/2020 14:51,18/06/2020 16:51,7188,FALSE,18/06/2020 13:51,18/06/2020 15:51
Meeting,0489beee-9092-4b6f-8d68-0510255321fd,fc743ce9-ce08-42df-be04-dfc6874cb30a,sgilhamc5@pagesperso-orange.fr,Suzanne Gilham,5mDcYYFCSueG38NQSAX4Ew,18/06/2020 15:02,18/06/2020 17:04,7376,FALSE,18/06/2020 14:02,18/06/2020 16:04
Meeting,0489beee-9092-4b6f-8d68-0510255321fd,fc743ce9-ce08-42df-be04-dfc6874cb30a,jhoylesc6@theatlantic.com,Jennifer Hoyles,,18/06/2020 14:54,18/06/2020 17:05,7810,FALSE,18/06/2020 13:54,18/06/2020 16:05
Meeting,0489beee-9092-4b6f-8d68-0510255321fd,fc743ce9-ce08-42df-be04-dfc6874cb30a,jgoldbournc7@themeforest.net,Jyoti Goldbourn,,18/06/2020 15:02,18/06/2020 16:08,3936,FALSE,18/06/2020 14:02,18/06/2020 15:08
Meeting,0489beee-9092-4b6f-8d68-0510255321fd,fc743ce9-ce08-42df-be04-dfc6874cb30a,cmccarlc8@gmpg.org,Christoforo McCarl,eZOhFy3mTBO_PG1iYkiVqg,18/06/2020 14:56,18/06/2020 16:37,6035,FALSE,18/06/2020 13:56,18/06/2020 15:37
Meeting,0489beee-9092-4b6f-8d68-0510255321fd,fc743ce9-ce08-42df-be04-dfc6874cb30a,polunneyc9@cloudflare.com,Peta O'Lunney,,18/06/2020 15:09,18/06/2020 17:03,6847,FALSE,18/06/2020 14:09,18/06/2020 16:03
Meeting,0489beee-9092-4b6f-8d68-0510255321fd,fc743ce9-ce08-42df-be04-dfc6874cb30a,dcaesmanca@dailymail.co.uk,Dela Caesman,,18/06/2020 15:02,18/06/2020 16:31,5369,FALSE,18/06/2020 14:02,18/06/2020 15:31
Meeting,0489beee-9092-4b6f-8d68-0510255321fd,fc743ce9-ce08-42df-be04-dfc6874cb30a,wstcb@lulu.com,Weider St Clair,,18/06/2020 14:54,18/06/2020 17:03,7746,FALSE,18/06/2020 13:54,18/06/2020 16:03
Meeting,0489beee-9092-4b6f-8d68-0510255321fd,fc743ce9-ce08-42df-be04-dfc6874cb30a,hroomcc@wsj.com,Hollis Room,,18/06/2020 14:55,18/06/2020 15:53,3446,FALSE,18/06/2020 13:55,18/06/2020 14:53
Meeting,0489beee-9092-4b6f-8d68-0510255321fd,fc743ce9-ce08-42df-be04-dfc6874cb30a,atruece@wufoo.com,Andriana True,5zNAqGNXQVuMJcXbk_3Z-w,18/06/2020 14:54,18/06/2020 17:00,7580,FALSE,18/06/2020 13:54,18/06/2020 16:00
Meeting,0489beee-9092-4b6f-8d68-0510255321fd,fc743ce9-ce08-42df-be04-dfc6874cb30a,cflaycf@earthlink.net,Corbie Flay,imJfCokMQIyAXMDQM_ZpVQ,18/06/2020 14:55,18/06/2020 17:08,7980,FALSE,18/06/2020 13:55,18/06/2020 16:08
Meeting,0489beee-9092-4b6f-8d68-0510255321fd,fc743ce9-ce08-42df-be04-dfc6874cb30a,zcoulthardch@infoseek.co.jp,Zelma Coulthard,,18/06/2020 14:59,18/06/2020 15:13,510,FALSE,18/06/2020 13:59,18/06/2020 14:13
Meeting,0489beee-9092-4b6f-8d68-0510255321fd,fc743ce9-ce08-42df-be04-dfc6874cb30a,rscamelci@yandex.ru,Rudd Scamel,,18/06/2020 15:04,18/06/2020 15:20,958,FALSE,18/06/2020 14:04,18/06/2020 14:20
Meeting,0489beee-9092-4b6f-8d68-0510255321fd,fc743ce9-ce08-42df-be04-dfc6874cb30a,cdecj@time.com,Chucho De Malchar,,18/06/2020 14:54,18/06/2020 16:48,6753,FALSE,18/06/2020 13:54,18/06/2020 15:48
Meeting,0489beee-9092-4b6f-8d68-0510255321fd,fc743ce9-ce08-42df-be04-dfc6874cb30a,sblackeslandck@live.com,Sol Blackesland,VjtQztMsQHaqvCwHi-bvMg,18/06/2020 14:54,18/06/2020 16:18,5044,FALSE,18/06/2020 13:54,18/06/2020 15:18
Meeting,0489beee-9092-4b6f-8d68-0510255321fd,fc743ce9-ce08-42df-be04-dfc6874cb30a,efiddlercl@psu.edu,Effie Fiddler,,18/06/2020 14:57,18/06/2020 16:31,5670,FALSE,18/06/2020 13:57,18/06/2020 15:31
Meeting,0489beee-9092-4b6f-8d68-0510255321fd,fc743ce9-ce08-42df-be04-dfc6874cb30a,phaslockcm@dell.com,Prue Haslock,,18/06/2020 15:03,18/06/2020 16:00,3434,FALSE,18/06/2020 14:03,18/06/2020 15:00
Meeting,0489beee-9092-4b6f-8d68-0510255321fd,fc743ce9-ce08-42df-be04-dfc6874cb30a,hdelortcn@godaddy.com,Hayes Delort,,18/06/2020 14:59,18/06/2020 16:49,6603,FALSE,18/06/2020 13:59,18/06/2020 15:49
Meeting,0489beee-9092-4b6f-8d68-0510255321fd,fc743ce9-ce08-42df-be04-dfc6874cb30a,lhulseco@dailymotion.com,Lalo Hulse,,18/06/2020 14:58,18/06/2020 16:45,6398,FALSE,18/06/2020 13:58,18/06/2020 15:45
Meeting,0489beee-9092-4b6f-8d68-0510255321fd,fc743ce9-ce08-42df-be04-dfc6874cb30a,smacdowallcp@simplemachines.org,Solomon MacDowall,,18/06/2020 15:00,18/06/2020 15:49,2926,FALSE,18/06/2020 14:00,18/06/2020 14:49
Meeting,0489beee-9092-4b6f-8d68-0510255321fd,fc743ce9-ce08-42df-be04-dfc6874cb30a,tbunclarkcr@rambler.ru,Trix Bunclark,7n4M9H4jQO2sD8V0yNfocA,18/06/2020 15:00,18/06/2020 15:15,931,FALSE,18/06/2020 14:00,18/06/2020 14:15
Meeting,0489beee-9092-4b6f-8d68-0510255321fd,fc743ce9-ce08-42df-be04-dfc6874cb30a,gteulierct@tinypic.com,Grannie Teulier,8DQdUBiKQciPn1wrfeqe-g,18/06/2020 14:56,18/06/2020 15:39,2562,FALSE,18/06/2020 13:56,18/06/2020 14:39
Meeting,0489beee-9092-4b6f-8d68-0510255321fd,fc743ce9-ce08-42df-be04-dfc6874cb30a,skiddyecu@ed.gov,Slade Kiddye,,18/06/2020 14:53,18/06/2020 17:03,7779,FALSE,18/06/2020 13:53,18/06/2020 16:03
Meeting,0489beee-9092-4b6f-8d68-0510255321fd,fc743ce9-ce08-42df-be04-dfc6874cb30a,tscapelhorncv@blogspot.com,Traver Scapelhorn,,18/06/2020 14:56,18/06/2020 16:18,4898,FALSE,18/06/2020 13:56,18/06/2020 15:18
Meeting,0489beee-9092-4b6f-8d68-0510255321fd,fc743ce9-ce08-42df-be04-dfc6874cb30a,jgravellcw@livejournal.com,Jackqueline Gravell,LgBExGGXQTKaWEmKzOwNTA,18/06/2020 14:56,18/06/2020 17:03,7610,FALSE,18/06/2020 13:56,18/06/2020 16:03
Meeting,0489beee-9092-4b6f-8d68-0510255321fd,fc743ce9-ce08-42df-be04-dfc6874cb30a,lmoylanecx@chicagotribune.com,Lidia Moylane,,18/06/2020 15:05,18/06/2020 17:02,7014,FALSE,18/06/2020 14:05,18/06/2020 16:02
Meeting,0489beee-9092-4b6f-8d68-0510255321fd,fc743ce9-ce08-42df-be04-dfc6874cb30a,ebeechamcy@sogou.com,Erek Beecham,,18/06/2020 15:03,18/06/2020 16:44,6047,FALSE,18/06/2020 14:03,18/06/2020 15:44
Meeting,0489beee-9092-4b6f-8d68-0510255321fd,fc743ce9-ce08-42df-be04-dfc6874cb30a,scayleycz@yelp.com,Sam Cayley,,18/06/2020 14:57,18/06/2020 17:01,7193,FALSE,18/06/2020 13:57,18/06/2020 16:01
Meeting,0489beee-9092-4b6f-8d68-0510255321fd,fc743ce9-ce08-42df-be04-dfc6874cb30a,criddalld0@hud.gov,Cordell Riddall,,18/06/2020 14:56,18/06/2020 17:04,7664,FALSE,18/06/2020 13:56,18/06/2020 16:04
Meeting,0489beee-9092-4b6f-8d68-0510255321fd,fc743ce9-ce08-42df-be04-dfc6874cb30a,scokelyd1@un.org,Shem Cokely,,18/06/2020 15:15,18/06/2020 15:15,27,FALSE,18/06/2020 14:15,18/06/2020 14:15
Meeting,0489beee-9092-4b6f-8d68-0510255321fd,fc743ce9-ce08-42df-be04-dfc6874cb30a,hshoveltond2@sogou.com,Hyatt Shovelton,,18/06/2020 15:25,18/06/2020 17:05,6001,FALSE,18/06/2020 14:25,18/06/2020 16:05
Meeting,0489beee-9092-4b6f-8d68-0510255321fd,fc743ce9-ce08-42df-be04-dfc6874cb30a,mabotsond3@bluehost.com,Marys Abotson,,18/06/2020 14:49,18/06/2020 17:03,8078,FALSE,18/06/2020 13:49,18/06/2020 16:03
Meeting,0489beee-9092-4b6f-8d68-0510255321fd,fc743ce9-ce08-42df-be04-dfc6874cb30a,mpaskd4@soundcloud.com,Malissia Pask,,18/06/2020 14:59,18/06/2020 17:04,7427,FALSE,18/06/2020 13:59,18/06/2020 16:04
Meeting,0489beee-9092-4b6f-8d68-0510255321fd,fc743ce9-ce08-42df-be04-dfc6874cb30a,dfissendend5@spotify.com,Deeann Fissenden,,18/06/2020 15:00,18/06/2020 16:17,4641,FALSE,18/06/2020 14:00,18/06/2020 15:17
Meeting,0489beee-9092-4b6f-8d68-0510255321fd,fc743ce9-ce08-42df-be04-dfc6874cb30a,nwestreyd6@usnews.com,Noam Westrey,,18/06/2020 14:55,18/06/2020 17:02,7598,FALSE,18/06/2020 13:55,18/06/2020 16:02
Meeting,0489beee-9092-4b6f-8d68-0510255321fd,fc743ce9-ce08-42df-be04-dfc6874cb30a,pdacthd7@goodreads.com,Padget D'Acth,,18/06/2020 15:07,18/06/2020 17:01,6851,FALSE,18/06/2020 14:07,18/06/2020 16:01
Meeting,0489beee-9092-4b6f-8d68-0510255321fd,fc743ce9-ce08-42df-be04-dfc6874cb30a,pbreartyd8@hp.com,Padraic Brearty,,18/06/2020 15:00,18/06/2020 16:48,6467,FALSE,18/06/2020 14:00,18/06/2020 15:48